ISO-10303-21;
HEADER;
/* Generated by software containing ST-Developer
 * from STEP Tools, Inc. (www.steptools.com) 
 */

FILE_DESCRIPTION(
/* description */ ('STEP AP214'),
/* implementation_level */ '2;1');

FILE_NAME(
/* name */ 'Mill-Max_823-22-012-10-000101.step',
/* time_stamp */ '2026-09-30T20:21:51+01:00',
/* author */ (''),
/* organization */ (''),
/* preprocessor_version */ 'ST-DEVELOPER v20.2',
/* originating_system */ 'Autodesk Translation Framework v15.15.0.0',
/* authorisation */ '');

FILE_SCHEMA (('AUTOMOTIVE_DESIGN { 1 0 10303 214 3 1 1 }'));
ENDSEC;

DATA;
#10=MECHANICAL_DESIGN_GEOMETRIC_PRESENTATION_REPRESENTATION('',(#76,#77),
#2728);
#11=ITEM_DEFINED_TRANSFORMATION($,$,#1666,#1790);
#12=ITEM_DEFINED_TRANSFORMATION($,$,#1757,#1791);
#13=ITEM_DEFINED_TRANSFORMATION($,$,#1757,#1792);
#14=ITEM_DEFINED_TRANSFORMATION($,$,#1757,#1793);
#15=ITEM_DEFINED_TRANSFORMATION($,$,#1757,#1794);
#16=ITEM_DEFINED_TRANSFORMATION($,$,#1757,#1795);
#17=ITEM_DEFINED_TRANSFORMATION($,$,#1757,#1796);
#18=ITEM_DEFINED_TRANSFORMATION($,$,#1757,#1797);
#19=ITEM_DEFINED_TRANSFORMATION($,$,#1757,#1798);
#20=ITEM_DEFINED_TRANSFORMATION($,$,#1757,#1799);
#21=ITEM_DEFINED_TRANSFORMATION($,$,#1757,#1800);
#22=ITEM_DEFINED_TRANSFORMATION($,$,#1757,#1801);
#23=ITEM_DEFINED_TRANSFORMATION($,$,#1757,#1802);
#24=ITEM_DEFINED_TRANSFORMATION($,$,#1665,#1803);
#25=(
REPRESENTATION_RELATIONSHIP($,$,#2760,#2759)
REPRESENTATION_RELATIONSHIP_WITH_TRANSFORMATION(#11)
SHAPE_REPRESENTATION_RELATIONSHIP()
);
#26=(
REPRESENTATION_RELATIONSHIP($,$,#2761,#2759)
REPRESENTATION_RELATIONSHIP_WITH_TRANSFORMATION(#12)
SHAPE_REPRESENTATION_RELATIONSHIP()
);
#27=(
REPRESENTATION_RELATIONSHIP($,$,#2761,#2759)
REPRESENTATION_RELATIONSHIP_WITH_TRANSFORMATION(#13)
SHAPE_REPRESENTATION_RELATIONSHIP()
);
#28=(
REPRESENTATION_RELATIONSHIP($,$,#2761,#2759)
REPRESENTATION_RELATIONSHIP_WITH_TRANSFORMATION(#14)
SHAPE_REPRESENTATION_RELATIONSHIP()
);
#29=(
REPRESENTATION_RELATIONSHIP($,$,#2761,#2759)
REPRESENTATION_RELATIONSHIP_WITH_TRANSFORMATION(#15)
SHAPE_REPRESENTATION_RELATIONSHIP()
);
#30=(
REPRESENTATION_RELATIONSHIP($,$,#2761,#2759)
REPRESENTATION_RELATIONSHIP_WITH_TRANSFORMATION(#16)
SHAPE_REPRESENTATION_RELATIONSHIP()
);
#31=(
REPRESENTATION_RELATIONSHIP($,$,#2761,#2759)
REPRESENTATION_RELATIONSHIP_WITH_TRANSFORMATION(#17)
SHAPE_REPRESENTATION_RELATIONSHIP()
);
#32=(
REPRESENTATION_RELATIONSHIP($,$,#2761,#2759)
REPRESENTATION_RELATIONSHIP_WITH_TRANSFORMATION(#18)
SHAPE_REPRESENTATION_RELATIONSHIP()
);
#33=(
REPRESENTATION_RELATIONSHIP($,$,#2761,#2759)
REPRESENTATION_RELATIONSHIP_WITH_TRANSFORMATION(#19)
SHAPE_REPRESENTATION_RELATIONSHIP()
);
#34=(
REPRESENTATION_RELATIONSHIP($,$,#2761,#2759)
REPRESENTATION_RELATIONSHIP_WITH_TRANSFORMATION(#20)
SHAPE_REPRESENTATION_RELATIONSHIP()
);
#35=(
REPRESENTATION_RELATIONSHIP($,$,#2761,#2759)
REPRESENTATION_RELATIONSHIP_WITH_TRANSFORMATION(#21)
SHAPE_REPRESENTATION_RELATIONSHIP()
);
#36=(
REPRESENTATION_RELATIONSHIP($,$,#2761,#2759)
REPRESENTATION_RELATIONSHIP_WITH_TRANSFORMATION(#22)
SHAPE_REPRESENTATION_RELATIONSHIP()
);
#37=(
REPRESENTATION_RELATIONSHIP($,$,#2761,#2759)
REPRESENTATION_RELATIONSHIP_WITH_TRANSFORMATION(#23)
SHAPE_REPRESENTATION_RELATIONSHIP()
);
#38=(
REPRESENTATION_RELATIONSHIP($,$,#2759,#2758)
REPRESENTATION_RELATIONSHIP_WITH_TRANSFORMATION(#24)
SHAPE_REPRESENTATION_RELATIONSHIP()
);
#39=CONTEXT_DEPENDENT_SHAPE_REPRESENTATION(#25,#2744);
#40=CONTEXT_DEPENDENT_SHAPE_REPRESENTATION(#26,#2745);
#41=CONTEXT_DEPENDENT_SHAPE_REPRESENTATION(#27,#2746);
#42=CONTEXT_DEPENDENT_SHAPE_REPRESENTATION(#28,#2747);
#43=CONTEXT_DEPENDENT_SHAPE_REPRESENTATION(#29,#2748);
#44=CONTEXT_DEPENDENT_SHAPE_REPRESENTATION(#30,#2749);
#45=CONTEXT_DEPENDENT_SHAPE_REPRESENTATION(#31,#2750);
#46=CONTEXT_DEPENDENT_SHAPE_REPRESENTATION(#32,#2751);
#47=CONTEXT_DEPENDENT_SHAPE_REPRESENTATION(#33,#2752);
#48=CONTEXT_DEPENDENT_SHAPE_REPRESENTATION(#34,#2753);
#49=CONTEXT_DEPENDENT_SHAPE_REPRESENTATION(#35,#2754);
#50=CONTEXT_DEPENDENT_SHAPE_REPRESENTATION(#36,#2755);
#51=CONTEXT_DEPENDENT_SHAPE_REPRESENTATION(#37,#2756);
#52=CONTEXT_DEPENDENT_SHAPE_REPRESENTATION(#38,#2757);
#53=NEXT_ASSEMBLY_USAGE_OCCURRENCE(
'P4XX-28-011-00-090000_P412-28-011-00-090000:1',
'P4XX-28-011-00-090000_P412-28-011-00-090000:1',
'P4XX-28-011-00-090000_P412-28-011-00-090000:1',#2764,#2765,
'P4XX-28-011-00-090000_P412-28-011-00-090000:1');
#54=NEXT_ASSEMBLY_USAGE_OCCURRENCE('0906_default:1','0906_default:1',
'0906_default:1',#2764,#2766,'0906_default:1');
#55=NEXT_ASSEMBLY_USAGE_OCCURRENCE('0906_default:2','0906_default:2',
'0906_default:2',#2764,#2766,'0906_default:2');
#56=NEXT_ASSEMBLY_USAGE_OCCURRENCE('0906_default:3','0906_default:3',
'0906_default:3',#2764,#2766,'0906_default:3');
#57=NEXT_ASSEMBLY_USAGE_OCCURRENCE('0906_default:4','0906_default:4',
'0906_default:4',#2764,#2766,'0906_default:4');
#58=NEXT_ASSEMBLY_USAGE_OCCURRENCE('0906_default:5','0906_default:5',
'0906_default:5',#2764,#2766,'0906_default:5');
#59=NEXT_ASSEMBLY_USAGE_OCCURRENCE('0906_default:6','0906_default:6',
'0906_default:6',#2764,#2766,'0906_default:6');
#60=NEXT_ASSEMBLY_USAGE_OCCURRENCE('0906_default:7','0906_default:7',
'0906_default:7',#2764,#2766,'0906_default:7');
#61=NEXT_ASSEMBLY_USAGE_OCCURRENCE('0906_default:8','0906_default:8',
'0906_default:8',#2764,#2766,'0906_default:8');
#62=NEXT_ASSEMBLY_USAGE_OCCURRENCE('0906_default:9','0906_default:9',
'0906_default:9',#2764,#2766,'0906_default:9');
#63=NEXT_ASSEMBLY_USAGE_OCCURRENCE('0906_default:10','0906_default:10',
'0906_default:10',#2764,#2766,'0906_default:10');
#64=NEXT_ASSEMBLY_USAGE_OCCURRENCE('0906_default:11','0906_default:11',
'0906_default:11',#2764,#2766,'0906_default:11');
#65=NEXT_ASSEMBLY_USAGE_OCCURRENCE('0906_default:12','0906_default:12',
'0906_default:12',#2764,#2766,'0906_default:12');
#66=NEXT_ASSEMBLY_USAGE_OCCURRENCE('Mill-Max_823-22-012-10-000101:1',
'Mill-Max_823-22-012-10-000101:1','Mill-Max_823-22-012-10-000101:1',#2763,
#2764,'Mill-Max_823-22-012-10-000101:1');
#67=SPHERICAL_SURFACE('',#1782,0.0209);
#68=SPHERICAL_SURFACE('',#1784,0.00850000000000019);
#69=CONICAL_SURFACE('',#1771,0.029,0.261799387799376);
#70=CONICAL_SURFACE('',#1776,0.0272679491924311,0.5235987755983);
#71=TOROIDAL_SURFACE('',#1762,0.0115000000000002,0.003);
#72=SHAPE_REPRESENTATION_RELATIONSHIP('SRR','None',#2760,#74);
#73=SHAPE_REPRESENTATION_RELATIONSHIP('SRR','None',#2761,#75);
#74=ADVANCED_BREP_SHAPE_REPRESENTATION('',(#78),#2726);
#75=ADVANCED_BREP_SHAPE_REPRESENTATION('',(#79),#2727);
#76=STYLED_ITEM('',(#2783),#78);
#77=STYLED_ITEM('',(#2784),#79);
#78=MANIFOLD_SOLID_BREP('Body1',#1639);
#79=MANIFOLD_SOLID_BREP('Body1',#1640);
#80=FACE_BOUND('',#281,.T.);
#81=FACE_BOUND('',#282,.T.);
#82=FACE_BOUND('',#283,.T.);
#83=FACE_BOUND('',#284,.T.);
#84=FACE_BOUND('',#285,.T.);
#85=FACE_BOUND('',#286,.T.);
#86=FACE_BOUND('',#287,.T.);
#87=FACE_BOUND('',#288,.T.);
#88=FACE_BOUND('',#289,.T.);
#89=FACE_BOUND('',#290,.T.);
#90=FACE_BOUND('',#291,.T.);
#91=FACE_BOUND('',#292,.T.);
#92=FACE_BOUND('',#294,.T.);
#93=FACE_BOUND('',#295,.T.);
#94=FACE_BOUND('',#296,.T.);
#95=FACE_BOUND('',#297,.T.);
#96=FACE_BOUND('',#298,.T.);
#97=FACE_BOUND('',#299,.T.);
#98=FACE_BOUND('',#300,.T.);
#99=FACE_BOUND('',#301,.T.);
#100=FACE_BOUND('',#302,.T.);
#101=FACE_BOUND('',#303,.T.);
#102=FACE_BOUND('',#304,.T.);
#103=FACE_BOUND('',#305,.T.);
#104=FACE_BOUND('',#347,.T.);
#105=FACE_BOUND('',#349,.T.);
#106=FACE_BOUND('',#351,.T.);
#107=FACE_BOUND('',#353,.T.);
#108=PLANE('',#1703);
#109=PLANE('',#1704);
#110=PLANE('',#1705);
#111=PLANE('',#1706);
#112=PLANE('',#1707);
#113=PLANE('',#1708);
#114=PLANE('',#1709);
#115=PLANE('',#1710);
#116=PLANE('',#1711);
#117=PLANE('',#1712);
#118=PLANE('',#1713);
#119=PLANE('',#1714);
#120=PLANE('',#1715);
#121=PLANE('',#1716);
#122=PLANE('',#1717);
#123=PLANE('',#1718);
#124=PLANE('',#1719);
#125=PLANE('',#1720);
#126=PLANE('',#1721);
#127=PLANE('',#1722);
#128=PLANE('',#1723);
#129=PLANE('',#1724);
#130=PLANE('',#1725);
#131=PLANE('',#1726);
#132=PLANE('',#1727);
#133=PLANE('',#1728);
#134=PLANE('',#1729);
#135=PLANE('',#1730);
#136=PLANE('',#1731);
#137=PLANE('',#1732);
#138=PLANE('',#1733);
#139=PLANE('',#1734);
#140=PLANE('',#1735);
#141=PLANE('',#1736);
#142=PLANE('',#1737);
#143=PLANE('',#1738);
#144=PLANE('',#1739);
#145=PLANE('',#1740);
#146=PLANE('',#1741);
#147=PLANE('',#1742);
#148=PLANE('',#1743);
#149=PLANE('',#1744);
#150=PLANE('',#1745);
#151=PLANE('',#1746);
#152=PLANE('',#1747);
#153=PLANE('',#1748);
#154=PLANE('',#1749);
#155=PLANE('',#1750);
#156=PLANE('',#1751);
#157=PLANE('',#1752);
#158=PLANE('',#1753);
#159=PLANE('',#1754);
#160=PLANE('',#1755);
#161=PLANE('',#1756);
#162=PLANE('',#1786);
#163=PLANE('',#1787);
#164=PLANE('',#1788);
#165=PLANE('',#1789);
#166=FACE_OUTER_BOUND('',#246,.T.);
#167=FACE_OUTER_BOUND('',#247,.T.);
#168=FACE_OUTER_BOUND('',#248,.T.);
#169=FACE_OUTER_BOUND('',#249,.T.);
#170=FACE_OUTER_BOUND('',#250,.T.);
#171=FACE_OUTER_BOUND('',#251,.T.);
#172=FACE_OUTER_BOUND('',#252,.T.);
#173=FACE_OUTER_BOUND('',#253,.T.);
#174=FACE_OUTER_BOUND('',#254,.T.);
#175=FACE_OUTER_BOUND('',#255,.T.);
#176=FACE_OUTER_BOUND('',#256,.T.);
#177=FACE_OUTER_BOUND('',#257,.T.);
#178=FACE_OUTER_BOUND('',#258,.T.);
#179=FACE_OUTER_BOUND('',#259,.T.);
#180=FACE_OUTER_BOUND('',#260,.T.);
#181=FACE_OUTER_BOUND('',#261,.T.);
#182=FACE_OUTER_BOUND('',#262,.T.);
#183=FACE_OUTER_BOUND('',#263,.T.);
#184=FACE_OUTER_BOUND('',#264,.T.);
#185=FACE_OUTER_BOUND('',#265,.T.);
#186=FACE_OUTER_BOUND('',#266,.T.);
#187=FACE_OUTER_BOUND('',#267,.T.);
#188=FACE_OUTER_BOUND('',#268,.T.);
#189=FACE_OUTER_BOUND('',#269,.T.);
#190=FACE_OUTER_BOUND('',#270,.T.);
#191=FACE_OUTER_BOUND('',#271,.T.);
#192=FACE_OUTER_BOUND('',#272,.T.);
#193=FACE_OUTER_BOUND('',#273,.T.);
#194=FACE_OUTER_BOUND('',#274,.T.);
#195=FACE_OUTER_BOUND('',#275,.T.);
#196=FACE_OUTER_BOUND('',#276,.T.);
#197=FACE_OUTER_BOUND('',#277,.T.);
#198=FACE_OUTER_BOUND('',#278,.T.);
#199=FACE_OUTER_BOUND('',#279,.T.);
#200=FACE_OUTER_BOUND('',#280,.T.);
#201=FACE_OUTER_BOUND('',#293,.T.);
#202=FACE_OUTER_BOUND('',#306,.T.);
#203=FACE_OUTER_BOUND('',#307,.T.);
#204=FACE_OUTER_BOUND('',#308,.T.);
#205=FACE_OUTER_BOUND('',#309,.T.);
#206=FACE_OUTER_BOUND('',#310,.T.);
#207=FACE_OUTER_BOUND('',#311,.T.);
#208=FACE_OUTER_BOUND('',#312,.T.);
#209=FACE_OUTER_BOUND('',#313,.T.);
#210=FACE_OUTER_BOUND('',#314,.T.);
#211=FACE_OUTER_BOUND('',#315,.T.);
#212=FACE_OUTER_BOUND('',#316,.T.);
#213=FACE_OUTER_BOUND('',#317,.T.);
#214=FACE_OUTER_BOUND('',#318,.T.);
#215=FACE_OUTER_BOUND('',#319,.T.);
#216=FACE_OUTER_BOUND('',#320,.T.);
#217=FACE_OUTER_BOUND('',#321,.T.);
#218=FACE_OUTER_BOUND('',#322,.T.);
#219=FACE_OUTER_BOUND('',#323,.T.);
#220=FACE_OUTER_BOUND('',#324,.T.);
#221=FACE_OUTER_BOUND('',#325,.T.);
#222=FACE_OUTER_BOUND('',#326,.T.);
#223=FACE_OUTER_BOUND('',#327,.T.);
#224=FACE_OUTER_BOUND('',#328,.T.);
#225=FACE_OUTER_BOUND('',#329,.T.);
#226=FACE_OUTER_BOUND('',#330,.T.);
#227=FACE_OUTER_BOUND('',#331,.T.);
#228=FACE_OUTER_BOUND('',#332,.T.);
#229=FACE_OUTER_BOUND('',#333,.T.);
#230=FACE_OUTER_BOUND('',#334,.T.);
#231=FACE_OUTER_BOUND('',#335,.T.);
#232=FACE_OUTER_BOUND('',#336,.T.);
#233=FACE_OUTER_BOUND('',#337,.T.);
#234=FACE_OUTER_BOUND('',#338,.T.);
#235=FACE_OUTER_BOUND('',#339,.T.);
#236=FACE_OUTER_BOUND('',#340,.T.);
#237=FACE_OUTER_BOUND('',#341,.T.);
#238=FACE_OUTER_BOUND('',#342,.T.);
#239=FACE_OUTER_BOUND('',#343,.T.);
#240=FACE_OUTER_BOUND('',#344,.T.);
#241=FACE_OUTER_BOUND('',#345,.T.);
#242=FACE_OUTER_BOUND('',#346,.T.);
#243=FACE_OUTER_BOUND('',#348,.T.);
#244=FACE_OUTER_BOUND('',#350,.T.);
#245=FACE_OUTER_BOUND('',#352,.T.);
#246=EDGE_LOOP('',(#1108,#1109,#1110,#1111));
#247=EDGE_LOOP('',(#1112,#1113,#1114,#1115));
#248=EDGE_LOOP('',(#1116,#1117,#1118,#1119));
#249=EDGE_LOOP('',(#1120,#1121,#1122,#1123));
#250=EDGE_LOOP('',(#1124,#1125,#1126,#1127));
#251=EDGE_LOOP('',(#1128,#1129,#1130,#1131));
#252=EDGE_LOOP('',(#1132,#1133,#1134,#1135));
#253=EDGE_LOOP('',(#1136,#1137,#1138,#1139));
#254=EDGE_LOOP('',(#1140,#1141,#1142,#1143));
#255=EDGE_LOOP('',(#1144,#1145,#1146,#1147));
#256=EDGE_LOOP('',(#1148,#1149,#1150,#1151));
#257=EDGE_LOOP('',(#1152,#1153,#1154,#1155));
#258=EDGE_LOOP('',(#1156,#1157,#1158,#1159));
#259=EDGE_LOOP('',(#1160,#1161,#1162,#1163));
#260=EDGE_LOOP('',(#1164,#1165,#1166,#1167));
#261=EDGE_LOOP('',(#1168,#1169,#1170,#1171));
#262=EDGE_LOOP('',(#1172,#1173,#1174,#1175));
#263=EDGE_LOOP('',(#1176,#1177,#1178,#1179));
#264=EDGE_LOOP('',(#1180,#1181,#1182,#1183));
#265=EDGE_LOOP('',(#1184,#1185,#1186,#1187));
#266=EDGE_LOOP('',(#1188,#1189,#1190,#1191));
#267=EDGE_LOOP('',(#1192,#1193,#1194,#1195));
#268=EDGE_LOOP('',(#1196,#1197,#1198,#1199));
#269=EDGE_LOOP('',(#1200,#1201,#1202,#1203));
#270=EDGE_LOOP('',(#1204,#1205,#1206,#1207));
#271=EDGE_LOOP('',(#1208,#1209,#1210,#1211));
#272=EDGE_LOOP('',(#1212,#1213,#1214,#1215));
#273=EDGE_LOOP('',(#1216,#1217,#1218,#1219));
#274=EDGE_LOOP('',(#1220,#1221,#1222,#1223));
#275=EDGE_LOOP('',(#1224,#1225,#1226,#1227));
#276=EDGE_LOOP('',(#1228,#1229,#1230,#1231));
#277=EDGE_LOOP('',(#1232,#1233,#1234,#1235));
#278=EDGE_LOOP('',(#1236,#1237,#1238,#1239));
#279=EDGE_LOOP('',(#1240,#1241,#1242,#1243));
#280=EDGE_LOOP('',(#1244,#1245,#1246,#1247,#1248,#1249,#1250,#1251,#1252,
#1253,#1254,#1255,#1256,#1257,#1258,#1259,#1260,#1261,#1262,#1263,#1264,
#1265,#1266,#1267,#1268,#1269,#1270,#1271,#1272,#1273,#1274,#1275,#1276,
#1277,#1278,#1279,#1280,#1281,#1282,#1283,#1284,#1285,#1286,#1287,#1288,
#1289,#1290,#1291,#1292,#1293,#1294,#1295));
#281=EDGE_LOOP('',(#1296));
#282=EDGE_LOOP('',(#1297));
#283=EDGE_LOOP('',(#1298));
#284=EDGE_LOOP('',(#1299));
#285=EDGE_LOOP('',(#1300));
#286=EDGE_LOOP('',(#1301));
#287=EDGE_LOOP('',(#1302));
#288=EDGE_LOOP('',(#1303));
#289=EDGE_LOOP('',(#1304));
#290=EDGE_LOOP('',(#1305));
#291=EDGE_LOOP('',(#1306));
#292=EDGE_LOOP('',(#1307));
#293=EDGE_LOOP('',(#1308,#1309,#1310,#1311,#1312,#1313,#1314,#1315,#1316,
#1317,#1318,#1319,#1320,#1321,#1322,#1323,#1324,#1325,#1326,#1327,#1328,
#1329,#1330,#1331,#1332,#1333,#1334,#1335,#1336,#1337,#1338,#1339,#1340,
#1341,#1342,#1343,#1344,#1345,#1346,#1347,#1348,#1349,#1350,#1351,#1352,
#1353,#1354,#1355,#1356,#1357,#1358,#1359));
#294=EDGE_LOOP('',(#1360));
#295=EDGE_LOOP('',(#1361));
#296=EDGE_LOOP('',(#1362));
#297=EDGE_LOOP('',(#1363));
#298=EDGE_LOOP('',(#1364));
#299=EDGE_LOOP('',(#1365));
#300=EDGE_LOOP('',(#1366));
#301=EDGE_LOOP('',(#1367));
#302=EDGE_LOOP('',(#1368));
#303=EDGE_LOOP('',(#1369));
#304=EDGE_LOOP('',(#1370));
#305=EDGE_LOOP('',(#1371));
#306=EDGE_LOOP('',(#1372,#1373,#1374,#1375));
#307=EDGE_LOOP('',(#1376,#1377,#1378,#1379));
#308=EDGE_LOOP('',(#1380,#1381,#1382,#1383));
#309=EDGE_LOOP('',(#1384,#1385,#1386,#1387));
#310=EDGE_LOOP('',(#1388,#1389,#1390,#1391));
#311=EDGE_LOOP('',(#1392,#1393,#1394,#1395));
#312=EDGE_LOOP('',(#1396,#1397,#1398,#1399));
#313=EDGE_LOOP('',(#1400,#1401,#1402,#1403));
#314=EDGE_LOOP('',(#1404,#1405,#1406,#1407));
#315=EDGE_LOOP('',(#1408,#1409,#1410,#1411));
#316=EDGE_LOOP('',(#1412,#1413,#1414,#1415));
#317=EDGE_LOOP('',(#1416,#1417,#1418,#1419));
#318=EDGE_LOOP('',(#1420,#1421,#1422,#1423));
#319=EDGE_LOOP('',(#1424,#1425,#1426,#1427));
#320=EDGE_LOOP('',(#1428,#1429,#1430,#1431));
#321=EDGE_LOOP('',(#1432,#1433,#1434,#1435));
#322=EDGE_LOOP('',(#1436,#1437,#1438,#1439));
#323=EDGE_LOOP('',(#1440,#1441,#1442,#1443));
#324=EDGE_LOOP('',(#1444,#1445,#1446,#1447));
#325=EDGE_LOOP('',(#1448,#1449,#1450,#1451));
#326=EDGE_LOOP('',(#1452,#1453,#1454,#1455));
#327=EDGE_LOOP('',(#1456,#1457,#1458,#1459));
#328=EDGE_LOOP('',(#1460,#1461,#1462,#1463));
#329=EDGE_LOOP('',(#1464,#1465,#1466,#1467));
#330=EDGE_LOOP('',(#1468,#1469,#1470,#1471));
#331=EDGE_LOOP('',(#1472,#1473,#1474,#1475));
#332=EDGE_LOOP('',(#1476,#1477,#1478,#1479));
#333=EDGE_LOOP('',(#1480,#1481,#1482,#1483));
#334=EDGE_LOOP('',(#1484,#1485,#1486,#1487));
#335=EDGE_LOOP('',(#1488,#1489,#1490,#1491));
#336=EDGE_LOOP('',(#1492,#1493,#1494,#1495,#1496));
#337=EDGE_LOOP('',(#1497,#1498,#1499,#1500));
#338=EDGE_LOOP('',(#1501,#1502,#1503,#1504));
#339=EDGE_LOOP('',(#1505,#1506,#1507,#1508));
#340=EDGE_LOOP('',(#1509,#1510,#1511,#1512));
#341=EDGE_LOOP('',(#1513,#1514,#1515,#1516));
#342=EDGE_LOOP('',(#1517,#1518,#1519,#1520));
#343=EDGE_LOOP('',(#1521,#1522,#1523,#1524,#1525));
#344=EDGE_LOOP('',(#1526,#1527,#1528,#1529));
#345=EDGE_LOOP('',(#1530,#1531,#1532,#1533));
#346=EDGE_LOOP('',(#1534));
#347=EDGE_LOOP('',(#1535));
#348=EDGE_LOOP('',(#1536));
#349=EDGE_LOOP('',(#1537));
#350=EDGE_LOOP('',(#1538));
#351=EDGE_LOOP('',(#1539));
#352=EDGE_LOOP('',(#1540));
#353=EDGE_LOOP('',(#1541));
#354=LINE('',#2266,#529);
#355=LINE('',#2272,#530);
#356=LINE('',#2278,#531);
#357=LINE('',#2284,#532);
#358=LINE('',#2290,#533);
#359=LINE('',#2296,#534);
#360=LINE('',#2302,#535);
#361=LINE('',#2308,#536);
#362=LINE('',#2314,#537);
#363=LINE('',#2320,#538);
#364=LINE('',#2326,#539);
#365=LINE('',#2332,#540);
#366=LINE('',#2337,#541);
#367=LINE('',#2339,#542);
#368=LINE('',#2341,#543);
#369=LINE('',#2342,#544);
#370=LINE('',#2346,#545);
#371=LINE('',#2348,#546);
#372=LINE('',#2350,#547);
#373=LINE('',#2351,#548);
#374=LINE('',#2355,#549);
#375=LINE('',#2357,#550);
#376=LINE('',#2359,#551);
#377=LINE('',#2360,#552);
#378=LINE('',#2364,#553);
#379=LINE('',#2366,#554);
#380=LINE('',#2368,#555);
#381=LINE('',#2369,#556);
#382=LINE('',#2373,#557);
#383=LINE('',#2375,#558);
#384=LINE('',#2377,#559);
#385=LINE('',#2378,#560);
#386=LINE('',#2382,#561);
#387=LINE('',#2384,#562);
#388=LINE('',#2386,#563);
#389=LINE('',#2387,#564);
#390=LINE('',#2391,#565);
#391=LINE('',#2393,#566);
#392=LINE('',#2395,#567);
#393=LINE('',#2396,#568);
#394=LINE('',#2400,#569);
#395=LINE('',#2402,#570);
#396=LINE('',#2404,#571);
#397=LINE('',#2405,#572);
#398=LINE('',#2409,#573);
#399=LINE('',#2411,#574);
#400=LINE('',#2413,#575);
#401=LINE('',#2414,#576);
#402=LINE('',#2418,#577);
#403=LINE('',#2420,#578);
#404=LINE('',#2422,#579);
#405=LINE('',#2423,#580);
#406=LINE('',#2426,#581);
#407=LINE('',#2428,#582);
#408=LINE('',#2429,#583);
#409=LINE('',#2433,#584);
#410=LINE('',#2435,#585);
#411=LINE('',#2437,#586);
#412=LINE('',#2438,#587);
#413=LINE('',#2441,#588);
#414=LINE('',#2443,#589);
#415=LINE('',#2444,#590);
#416=LINE('',#2447,#591);
#417=LINE('',#2449,#592);
#418=LINE('',#2450,#593);
#419=LINE('',#2453,#594);
#420=LINE('',#2455,#595);
#421=LINE('',#2456,#596);
#422=LINE('',#2459,#597);
#423=LINE('',#2461,#598);
#424=LINE('',#2462,#599);
#425=LINE('',#2464,#600);
#426=LINE('',#2465,#601);
#427=LINE('',#2469,#602);
#428=LINE('',#2471,#603);
#429=LINE('',#2473,#604);
#430=LINE('',#2474,#605);
#431=LINE('',#2477,#606);
#432=LINE('',#2479,#607);
#433=LINE('',#2480,#608);
#434=LINE('',#2483,#609);
#435=LINE('',#2485,#610);
#436=LINE('',#2486,#611);
#437=LINE('',#2489,#612);
#438=LINE('',#2491,#613);
#439=LINE('',#2492,#614);
#440=LINE('',#2494,#615);
#441=LINE('',#2495,#616);
#442=LINE('',#2498,#617);
#443=LINE('',#2500,#618);
#444=LINE('',#2501,#619);
#445=LINE('',#2503,#620);
#446=LINE('',#2505,#621);
#447=LINE('',#2506,#622);
#448=LINE('',#2508,#623);
#449=LINE('',#2510,#624);
#450=LINE('',#2511,#625);
#451=LINE('',#2513,#626);
#452=LINE('',#2515,#627);
#453=LINE('',#2516,#628);
#454=LINE('',#2518,#629);
#455=LINE('',#2520,#630);
#456=LINE('',#2521,#631);
#457=LINE('',#2523,#632);
#458=LINE('',#2525,#633);
#459=LINE('',#2526,#634);
#460=LINE('',#2528,#635);
#461=LINE('',#2530,#636);
#462=LINE('',#2531,#637);
#463=LINE('',#2533,#638);
#464=LINE('',#2535,#639);
#465=LINE('',#2536,#640);
#466=LINE('',#2538,#641);
#467=LINE('',#2540,#642);
#468=LINE('',#2541,#643);
#469=LINE('',#2543,#644);
#470=LINE('',#2545,#645);
#471=LINE('',#2546,#646);
#472=LINE('',#2549,#647);
#473=LINE('',#2551,#648);
#474=LINE('',#2553,#649);
#475=LINE('',#2554,#650);
#476=LINE('',#2556,#651);
#477=LINE('',#2558,#652);
#478=LINE('',#2559,#653);
#479=LINE('',#2561,#654);
#480=LINE('',#2563,#655);
#481=LINE('',#2564,#656);
#482=LINE('',#2566,#657);
#483=LINE('',#2568,#658);
#484=LINE('',#2569,#659);
#485=LINE('',#2571,#660);
#486=LINE('',#2573,#661);
#487=LINE('',#2574,#662);
#488=LINE('',#2576,#663);
#489=LINE('',#2578,#664);
#490=LINE('',#2579,#665);
#491=LINE('',#2581,#666);
#492=LINE('',#2583,#667);
#493=LINE('',#2584,#668);
#494=LINE('',#2586,#669);
#495=LINE('',#2588,#670);
#496=LINE('',#2589,#671);
#497=LINE('',#2591,#672);
#498=LINE('',#2593,#673);
#499=LINE('',#2594,#674);
#500=LINE('',#2596,#675);
#501=LINE('',#2597,#676);
#502=LINE('',#2599,#677);
#503=LINE('',#2601,#678);
#504=LINE('',#2604,#679);
#505=LINE('',#2606,#680);
#506=LINE('',#2609,#681);
#507=LINE('',#2611,#682);
#508=LINE('',#2614,#683);
#509=LINE('',#2616,#684);
#510=LINE('',#2619,#685);
#511=LINE('',#2621,#686);
#512=LINE('',#2624,#687);
#513=LINE('',#2626,#688);
#514=LINE('',#2629,#689);
#515=LINE('',#2631,#690);
#516=LINE('',#2634,#691);
#517=LINE('',#2636,#692);
#518=LINE('',#2639,#693);
#519=LINE('',#2641,#694);
#520=LINE('',#2644,#695);
#521=LINE('',#2646,#696);
#522=LINE('',#2655,#697);
#523=LINE('',#2665,#698);
#524=LINE('',#2671,#699);
#525=LINE('',#2677,#700);
#526=LINE('',#2681,#701);
#527=LINE('',#2685,#702);
#528=LINE('',#2691,#703);
#529=VECTOR('',#1814,0.0315500000000005);
#530=VECTOR('',#1821,0.0315500000000005);
#531=VECTOR('',#1828,0.0315500000000005);
#532=VECTOR('',#1835,0.0315500000000005);
#533=VECTOR('',#1842,0.0315500000000005);
#534=VECTOR('',#1849,0.0315500000000005);
#535=VECTOR('',#1856,0.0315500000000005);
#536=VECTOR('',#1863,0.0315500000000005);
#537=VECTOR('',#1870,0.0315500000000005);
#538=VECTOR('',#1877,0.0315500000000005);
#539=VECTOR('',#1884,0.0315500000000005);
#540=VECTOR('',#1891,0.0315500000000005);
#541=VECTOR('',#1896,39.3700787401575);
#542=VECTOR('',#1897,39.3700787401575);
#543=VECTOR('',#1898,39.3700787401575);
#544=VECTOR('',#1899,39.3700787401575);
#545=VECTOR('',#1902,39.3700787401575);
#546=VECTOR('',#1903,39.3700787401575);
#547=VECTOR('',#1904,39.3700787401575);
#548=VECTOR('',#1905,39.3700787401575);
#549=VECTOR('',#1908,39.3700787401575);
#550=VECTOR('',#1909,39.3700787401575);
#551=VECTOR('',#1910,39.3700787401575);
#552=VECTOR('',#1911,39.3700787401575);
#553=VECTOR('',#1914,39.3700787401575);
#554=VECTOR('',#1915,39.3700787401575);
#555=VECTOR('',#1916,39.3700787401575);
#556=VECTOR('',#1917,39.3700787401575);
#557=VECTOR('',#1920,39.3700787401575);
#558=VECTOR('',#1921,39.3700787401575);
#559=VECTOR('',#1922,39.3700787401575);
#560=VECTOR('',#1923,39.3700787401575);
#561=VECTOR('',#1926,39.3700787401575);
#562=VECTOR('',#1927,39.3700787401575);
#563=VECTOR('',#1928,39.3700787401575);
#564=VECTOR('',#1929,39.3700787401575);
#565=VECTOR('',#1932,39.3700787401575);
#566=VECTOR('',#1933,39.3700787401575);
#567=VECTOR('',#1934,39.3700787401575);
#568=VECTOR('',#1935,39.3700787401575);
#569=VECTOR('',#1938,39.3700787401575);
#570=VECTOR('',#1939,39.3700787401575);
#571=VECTOR('',#1940,39.3700787401575);
#572=VECTOR('',#1941,39.3700787401575);
#573=VECTOR('',#1944,39.3700787401575);
#574=VECTOR('',#1945,39.3700787401575);
#575=VECTOR('',#1946,39.3700787401575);
#576=VECTOR('',#1947,39.3700787401575);
#577=VECTOR('',#1950,39.3700787401575);
#578=VECTOR('',#1951,39.3700787401575);
#579=VECTOR('',#1952,39.3700787401575);
#580=VECTOR('',#1953,39.3700787401575);
#581=VECTOR('',#1956,39.3700787401575);
#582=VECTOR('',#1957,39.3700787401575);
#583=VECTOR('',#1958,39.3700787401575);
#584=VECTOR('',#1961,39.3700787401575);
#585=VECTOR('',#1962,39.3700787401575);
#586=VECTOR('',#1963,39.3700787401575);
#587=VECTOR('',#1964,39.3700787401575);
#588=VECTOR('',#1967,39.3700787401575);
#589=VECTOR('',#1968,39.3700787401575);
#590=VECTOR('',#1969,39.3700787401575);
#591=VECTOR('',#1972,39.3700787401575);
#592=VECTOR('',#1973,39.3700787401575);
#593=VECTOR('',#1974,39.3700787401575);
#594=VECTOR('',#1977,39.3700787401575);
#595=VECTOR('',#1978,39.3700787401575);
#596=VECTOR('',#1979,39.3700787401575);
#597=VECTOR('',#1982,39.3700787401575);
#598=VECTOR('',#1983,39.3700787401575);
#599=VECTOR('',#1984,39.3700787401575);
#600=VECTOR('',#1987,39.3700787401575);
#601=VECTOR('',#1988,39.3700787401575);
#602=VECTOR('',#1991,39.3700787401575);
#603=VECTOR('',#1992,39.3700787401575);
#604=VECTOR('',#1993,39.3700787401575);
#605=VECTOR('',#1994,39.3700787401575);
#606=VECTOR('',#1997,39.3700787401575);
#607=VECTOR('',#1998,39.3700787401575);
#608=VECTOR('',#1999,39.3700787401575);
#609=VECTOR('',#2002,39.3700787401575);
#610=VECTOR('',#2003,39.3700787401575);
#611=VECTOR('',#2004,39.3700787401575);
#612=VECTOR('',#2007,39.3700787401575);
#613=VECTOR('',#2008,39.3700787401575);
#614=VECTOR('',#2009,39.3700787401575);
#615=VECTOR('',#2012,39.3700787401575);
#616=VECTOR('',#2013,39.3700787401575);
#617=VECTOR('',#2016,39.3700787401575);
#618=VECTOR('',#2017,39.3700787401575);
#619=VECTOR('',#2018,39.3700787401575);
#620=VECTOR('',#2019,39.3700787401575);
#621=VECTOR('',#2020,39.3700787401575);
#622=VECTOR('',#2021,39.3700787401575);
#623=VECTOR('',#2022,39.3700787401575);
#624=VECTOR('',#2023,39.3700787401575);
#625=VECTOR('',#2024,39.3700787401575);
#626=VECTOR('',#2025,39.3700787401575);
#627=VECTOR('',#2026,39.3700787401575);
#628=VECTOR('',#2027,39.3700787401575);
#629=VECTOR('',#2028,39.3700787401575);
#630=VECTOR('',#2029,39.3700787401575);
#631=VECTOR('',#2030,39.3700787401575);
#632=VECTOR('',#2031,39.3700787401575);
#633=VECTOR('',#2032,39.3700787401575);
#634=VECTOR('',#2033,39.3700787401575);
#635=VECTOR('',#2034,39.3700787401575);
#636=VECTOR('',#2035,39.3700787401575);
#637=VECTOR('',#2036,39.3700787401575);
#638=VECTOR('',#2037,39.3700787401575);
#639=VECTOR('',#2038,39.3700787401575);
#640=VECTOR('',#2039,39.3700787401575);
#641=VECTOR('',#2040,39.3700787401575);
#642=VECTOR('',#2041,39.3700787401575);
#643=VECTOR('',#2042,39.3700787401575);
#644=VECTOR('',#2043,39.3700787401575);
#645=VECTOR('',#2044,39.3700787401575);
#646=VECTOR('',#2045,39.3700787401575);
#647=VECTOR('',#2048,39.3700787401575);
#648=VECTOR('',#2049,39.3700787401575);
#649=VECTOR('',#2050,39.3700787401575);
#650=VECTOR('',#2051,39.3700787401575);
#651=VECTOR('',#2052,39.3700787401575);
#652=VECTOR('',#2053,39.3700787401575);
#653=VECTOR('',#2054,39.3700787401575);
#654=VECTOR('',#2055,39.3700787401575);
#655=VECTOR('',#2056,39.3700787401575);
#656=VECTOR('',#2057,39.3700787401575);
#657=VECTOR('',#2058,39.3700787401575);
#658=VECTOR('',#2059,39.3700787401575);
#659=VECTOR('',#2060,39.3700787401575);
#660=VECTOR('',#2061,39.3700787401575);
#661=VECTOR('',#2062,39.3700787401575);
#662=VECTOR('',#2063,39.3700787401575);
#663=VECTOR('',#2064,39.3700787401575);
#664=VECTOR('',#2065,39.3700787401575);
#665=VECTOR('',#2066,39.3700787401575);
#666=VECTOR('',#2067,39.3700787401575);
#667=VECTOR('',#2068,39.3700787401575);
#668=VECTOR('',#2069,39.3700787401575);
#669=VECTOR('',#2070,39.3700787401575);
#670=VECTOR('',#2071,39.3700787401575);
#671=VECTOR('',#2072,39.3700787401575);
#672=VECTOR('',#2073,39.3700787401575);
#673=VECTOR('',#2074,39.3700787401575);
#674=VECTOR('',#2075,39.3700787401575);
#675=VECTOR('',#2076,39.3700787401575);
#676=VECTOR('',#2077,39.3700787401575);
#677=VECTOR('',#2080,39.3700787401575);
#678=VECTOR('',#2083,39.3700787401575);
#679=VECTOR('',#2088,39.3700787401575);
#680=VECTOR('',#2091,39.3700787401575);
#681=VECTOR('',#2096,39.3700787401575);
#682=VECTOR('',#2099,39.3700787401575);
#683=VECTOR('',#2104,39.3700787401575);
#684=VECTOR('',#2107,39.3700787401575);
#685=VECTOR('',#2112,39.3700787401575);
#686=VECTOR('',#2115,39.3700787401575);
#687=VECTOR('',#2120,39.3700787401575);
#688=VECTOR('',#2123,39.3700787401575);
#689=VECTOR('',#2128,39.3700787401575);
#690=VECTOR('',#2131,39.3700787401575);
#691=VECTOR('',#2136,39.3700787401575);
#692=VECTOR('',#2139,39.3700787401575);
#693=VECTOR('',#2144,39.3700787401575);
#694=VECTOR('',#2147,39.3700787401575);
#695=VECTOR('',#2152,39.3700787401575);
#696=VECTOR('',#2155,39.3700787401575);
#697=VECTOR('',#2166,0.0085000000000002);
#698=VECTOR('',#2179,0.036);
#699=VECTOR('',#2186,0.0305);
#700=VECTOR('',#2193,0.029);
#701=VECTOR('',#2198,0.029);
#702=VECTOR('',#2203,0.0272679491924311);
#703=VECTOR('',#2210,0.0209);
#704=CIRCLE('',#1668,0.0315500000000005);
#705=CIRCLE('',#1669,0.0315500000000005);
#706=CIRCLE('',#1671,0.0315500000000005);
#707=CIRCLE('',#1672,0.0315500000000005);
#708=CIRCLE('',#1674,0.0315500000000005);
#709=CIRCLE('',#1675,0.0315500000000005);
#710=CIRCLE('',#1677,0.0315500000000005);
#711=CIRCLE('',#1678,0.0315500000000005);
#712=CIRCLE('',#1680,0.0315500000000005);
#713=CIRCLE('',#1681,0.0315500000000005);
#714=CIRCLE('',#1683,0.0315500000000005);
#715=CIRCLE('',#1684,0.0315500000000005);
#716=CIRCLE('',#1686,0.0315500000000005);
#717=CIRCLE('',#1687,0.0315500000000005);
#718=CIRCLE('',#1689,0.0315500000000005);
#719=CIRCLE('',#1690,0.0315500000000005);
#720=CIRCLE('',#1692,0.0315500000000005);
#721=CIRCLE('',#1693,0.0315500000000005);
#722=CIRCLE('',#1695,0.0315500000000005);
#723=CIRCLE('',#1696,0.0315500000000005);
#724=CIRCLE('',#1698,0.0315500000000005);
#725=CIRCLE('',#1699,0.0315500000000005);
#726=CIRCLE('',#1701,0.0315500000000005);
#727=CIRCLE('',#1702,0.0315500000000005);
#728=CIRCLE('',#1759,0.00850000000000019);
#729=CIRCLE('',#1760,0.00850000000000019);
#730=CIRCLE('',#1761,0.0085000000000002);
#731=CIRCLE('',#1763,0.003);
#732=CIRCLE('',#1764,0.0115000000000002);
#733=CIRCLE('',#1766,0.036);
#734=CIRCLE('',#1767,0.036);
#735=CIRCLE('',#1769,0.0305);
#736=CIRCLE('',#1770,0.0305);
#737=CIRCLE('',#1772,0.032);
#738=CIRCLE('',#1773,0.029);
#739=CIRCLE('',#1775,0.029);
#740=CIRCLE('',#1777,0.0272679491924311);
#741=CIRCLE('',#1779,0.0209);
#742=CIRCLE('',#1780,0.0209);
#743=CIRCLE('',#1781,0.0209);
#744=CIRCLE('',#1783,0.0209);
#745=CIRCLE('',#1785,0.00850000000000019);
#746=VERTEX_POINT('',#2263);
#747=VERTEX_POINT('',#2265);
#748=VERTEX_POINT('',#2269);
#749=VERTEX_POINT('',#2271);
#750=VERTEX_POINT('',#2275);
#751=VERTEX_POINT('',#2277);
#752=VERTEX_POINT('',#2281);
#753=VERTEX_POINT('',#2283);
#754=VERTEX_POINT('',#2287);
#755=VERTEX_POINT('',#2289);
#756=VERTEX_POINT('',#2293);
#757=VERTEX_POINT('',#2295);
#758=VERTEX_POINT('',#2299);
#759=VERTEX_POINT('',#2301);
#760=VERTEX_POINT('',#2305);
#761=VERTEX_POINT('',#2307);
#762=VERTEX_POINT('',#2311);
#763=VERTEX_POINT('',#2313);
#764=VERTEX_POINT('',#2317);
#765=VERTEX_POINT('',#2319);
#766=VERTEX_POINT('',#2323);
#767=VERTEX_POINT('',#2325);
#768=VERTEX_POINT('',#2329);
#769=VERTEX_POINT('',#2331);
#770=VERTEX_POINT('',#2335);
#771=VERTEX_POINT('',#2336);
#772=VERTEX_POINT('',#2338);
#773=VERTEX_POINT('',#2340);
#774=VERTEX_POINT('',#2344);
#775=VERTEX_POINT('',#2345);
#776=VERTEX_POINT('',#2347);
#777=VERTEX_POINT('',#2349);
#778=VERTEX_POINT('',#2353);
#779=VERTEX_POINT('',#2354);
#780=VERTEX_POINT('',#2356);
#781=VERTEX_POINT('',#2358);
#782=VERTEX_POINT('',#2362);
#783=VERTEX_POINT('',#2363);
#784=VERTEX_POINT('',#2365);
#785=VERTEX_POINT('',#2367);
#786=VERTEX_POINT('',#2371);
#787=VERTEX_POINT('',#2372);
#788=VERTEX_POINT('',#2374);
#789=VERTEX_POINT('',#2376);
#790=VERTEX_POINT('',#2380);
#791=VERTEX_POINT('',#2381);
#792=VERTEX_POINT('',#2383);
#793=VERTEX_POINT('',#2385);
#794=VERTEX_POINT('',#2389);
#795=VERTEX_POINT('',#2390);
#796=VERTEX_POINT('',#2392);
#797=VERTEX_POINT('',#2394);
#798=VERTEX_POINT('',#2398);
#799=VERTEX_POINT('',#2399);
#800=VERTEX_POINT('',#2401);
#801=VERTEX_POINT('',#2403);
#802=VERTEX_POINT('',#2407);
#803=VERTEX_POINT('',#2408);
#804=VERTEX_POINT('',#2410);
#805=VERTEX_POINT('',#2412);
#806=VERTEX_POINT('',#2416);
#807=VERTEX_POINT('',#2417);
#808=VERTEX_POINT('',#2419);
#809=VERTEX_POINT('',#2421);
#810=VERTEX_POINT('',#2425);
#811=VERTEX_POINT('',#2427);
#812=VERTEX_POINT('',#2431);
#813=VERTEX_POINT('',#2432);
#814=VERTEX_POINT('',#2434);
#815=VERTEX_POINT('',#2436);
#816=VERTEX_POINT('',#2440);
#817=VERTEX_POINT('',#2442);
#818=VERTEX_POINT('',#2446);
#819=VERTEX_POINT('',#2448);
#820=VERTEX_POINT('',#2452);
#821=VERTEX_POINT('',#2454);
#822=VERTEX_POINT('',#2458);
#823=VERTEX_POINT('',#2460);
#824=VERTEX_POINT('',#2467);
#825=VERTEX_POINT('',#2468);
#826=VERTEX_POINT('',#2470);
#827=VERTEX_POINT('',#2472);
#828=VERTEX_POINT('',#2476);
#829=VERTEX_POINT('',#2478);
#830=VERTEX_POINT('',#2482);
#831=VERTEX_POINT('',#2484);
#832=VERTEX_POINT('',#2488);
#833=VERTEX_POINT('',#2490);
#834=VERTEX_POINT('',#2497);
#835=VERTEX_POINT('',#2499);
#836=VERTEX_POINT('',#2502);
#837=VERTEX_POINT('',#2504);
#838=VERTEX_POINT('',#2507);
#839=VERTEX_POINT('',#2509);
#840=VERTEX_POINT('',#2512);
#841=VERTEX_POINT('',#2514);
#842=VERTEX_POINT('',#2517);
#843=VERTEX_POINT('',#2519);
#844=VERTEX_POINT('',#2522);
#845=VERTEX_POINT('',#2524);
#846=VERTEX_POINT('',#2527);
#847=VERTEX_POINT('',#2529);
#848=VERTEX_POINT('',#2532);
#849=VERTEX_POINT('',#2534);
#850=VERTEX_POINT('',#2537);
#851=VERTEX_POINT('',#2539);
#852=VERTEX_POINT('',#2542);
#853=VERTEX_POINT('',#2544);
#854=VERTEX_POINT('',#2548);
#855=VERTEX_POINT('',#2550);
#856=VERTEX_POINT('',#2552);
#857=VERTEX_POINT('',#2555);
#858=VERTEX_POINT('',#2557);
#859=VERTEX_POINT('',#2560);
#860=VERTEX_POINT('',#2562);
#861=VERTEX_POINT('',#2565);
#862=VERTEX_POINT('',#2567);
#863=VERTEX_POINT('',#2570);
#864=VERTEX_POINT('',#2572);
#865=VERTEX_POINT('',#2575);
#866=VERTEX_POINT('',#2577);
#867=VERTEX_POINT('',#2580);
#868=VERTEX_POINT('',#2582);
#869=VERTEX_POINT('',#2585);
#870=VERTEX_POINT('',#2587);
#871=VERTEX_POINT('',#2590);
#872=VERTEX_POINT('',#2592);
#873=VERTEX_POINT('',#2595);
#874=VERTEX_POINT('',#2650);
#875=VERTEX_POINT('',#2651);
#876=VERTEX_POINT('',#2654);
#877=VERTEX_POINT('',#2658);
#878=VERTEX_POINT('',#2662);
#879=VERTEX_POINT('',#2664);
#880=VERTEX_POINT('',#2668);
#881=VERTEX_POINT('',#2670);
#882=VERTEX_POINT('',#2674);
#883=VERTEX_POINT('',#2676);
#884=VERTEX_POINT('',#2680);
#885=VERTEX_POINT('',#2684);
#886=VERTEX_POINT('',#2688);
#887=VERTEX_POINT('',#2690);
#888=VERTEX_POINT('',#2692);
#889=VERTEX_POINT('',#2696);
#890=VERTEX_POINT('',#2699);
#891=EDGE_CURVE('',#746,#746,#704,.T.);
#892=EDGE_CURVE('',#746,#747,#354,.T.);
#893=EDGE_CURVE('',#747,#747,#705,.T.);
#894=EDGE_CURVE('',#748,#748,#706,.T.);
#895=EDGE_CURVE('',#748,#749,#355,.T.);
#896=EDGE_CURVE('',#749,#749,#707,.T.);
#897=EDGE_CURVE('',#750,#750,#708,.T.);
#898=EDGE_CURVE('',#750,#751,#356,.T.);
#899=EDGE_CURVE('',#751,#751,#709,.T.);
#900=EDGE_CURVE('',#752,#752,#710,.T.);
#901=EDGE_CURVE('',#752,#753,#357,.T.);
#902=EDGE_CURVE('',#753,#753,#711,.T.);
#903=EDGE_CURVE('',#754,#754,#712,.T.);
#904=EDGE_CURVE('',#754,#755,#358,.T.);
#905=EDGE_CURVE('',#755,#755,#713,.T.);
#906=EDGE_CURVE('',#756,#756,#714,.T.);
#907=EDGE_CURVE('',#756,#757,#359,.T.);
#908=EDGE_CURVE('',#757,#757,#715,.T.);
#909=EDGE_CURVE('',#758,#758,#716,.T.);
#910=EDGE_CURVE('',#758,#759,#360,.T.);
#911=EDGE_CURVE('',#759,#759,#717,.T.);
#912=EDGE_CURVE('',#760,#760,#718,.T.);
#913=EDGE_CURVE('',#760,#761,#361,.T.);
#914=EDGE_CURVE('',#761,#761,#719,.T.);
#915=EDGE_CURVE('',#762,#762,#720,.T.);
#916=EDGE_CURVE('',#762,#763,#362,.T.);
#917=EDGE_CURVE('',#763,#763,#721,.T.);
#918=EDGE_CURVE('',#764,#764,#722,.T.);
#919=EDGE_CURVE('',#764,#765,#363,.T.);
#920=EDGE_CURVE('',#765,#765,#723,.T.);
#921=EDGE_CURVE('',#766,#766,#724,.T.);
#922=EDGE_CURVE('',#766,#767,#364,.T.);
#923=EDGE_CURVE('',#767,#767,#725,.T.);
#924=EDGE_CURVE('',#768,#768,#726,.T.);
#925=EDGE_CURVE('',#768,#769,#365,.T.);
#926=EDGE_CURVE('',#769,#769,#727,.T.);
#927=EDGE_CURVE('',#770,#771,#366,.T.);
#928=EDGE_CURVE('',#770,#772,#367,.T.);
#929=EDGE_CURVE('',#772,#773,#368,.T.);
#930=EDGE_CURVE('',#771,#773,#369,.T.);
#931=EDGE_CURVE('',#774,#775,#370,.T.);
#932=EDGE_CURVE('',#774,#776,#371,.T.);
#933=EDGE_CURVE('',#776,#777,#372,.T.);
#934=EDGE_CURVE('',#775,#777,#373,.T.);
#935=EDGE_CURVE('',#778,#779,#374,.T.);
#936=EDGE_CURVE('',#778,#780,#375,.T.);
#937=EDGE_CURVE('',#780,#781,#376,.T.);
#938=EDGE_CURVE('',#779,#781,#377,.T.);
#939=EDGE_CURVE('',#782,#783,#378,.T.);
#940=EDGE_CURVE('',#784,#783,#379,.T.);
#941=EDGE_CURVE('',#785,#784,#380,.T.);
#942=EDGE_CURVE('',#785,#782,#381,.T.);
#943=EDGE_CURVE('',#786,#787,#382,.T.);
#944=EDGE_CURVE('',#786,#788,#383,.T.);
#945=EDGE_CURVE('',#788,#789,#384,.T.);
#946=EDGE_CURVE('',#787,#789,#385,.T.);
#947=EDGE_CURVE('',#790,#791,#386,.T.);
#948=EDGE_CURVE('',#792,#791,#387,.T.);
#949=EDGE_CURVE('',#793,#792,#388,.T.);
#950=EDGE_CURVE('',#793,#790,#389,.T.);
#951=EDGE_CURVE('',#794,#795,#390,.T.);
#952=EDGE_CURVE('',#794,#796,#391,.T.);
#953=EDGE_CURVE('',#796,#797,#392,.T.);
#954=EDGE_CURVE('',#795,#797,#393,.T.);
#955=EDGE_CURVE('',#798,#799,#394,.T.);
#956=EDGE_CURVE('',#800,#799,#395,.T.);
#957=EDGE_CURVE('',#801,#800,#396,.T.);
#958=EDGE_CURVE('',#801,#798,#397,.T.);
#959=EDGE_CURVE('',#802,#803,#398,.T.);
#960=EDGE_CURVE('',#802,#804,#399,.T.);
#961=EDGE_CURVE('',#804,#805,#400,.T.);
#962=EDGE_CURVE('',#803,#805,#401,.T.);
#963=EDGE_CURVE('',#806,#807,#402,.T.);
#964=EDGE_CURVE('',#808,#807,#403,.T.);
#965=EDGE_CURVE('',#809,#808,#404,.T.);
#966=EDGE_CURVE('',#809,#806,#405,.T.);
#967=EDGE_CURVE('',#805,#810,#406,.T.);
#968=EDGE_CURVE('',#804,#811,#407,.T.);
#969=EDGE_CURVE('',#811,#810,#408,.T.);
#970=EDGE_CURVE('',#812,#813,#409,.T.);
#971=EDGE_CURVE('',#814,#813,#410,.T.);
#972=EDGE_CURVE('',#815,#814,#411,.T.);
#973=EDGE_CURVE('',#815,#812,#412,.T.);
#974=EDGE_CURVE('',#816,#814,#413,.T.);
#975=EDGE_CURVE('',#817,#816,#414,.T.);
#976=EDGE_CURVE('',#817,#815,#415,.T.);
#977=EDGE_CURVE('',#818,#816,#416,.T.);
#978=EDGE_CURVE('',#819,#818,#417,.T.);
#979=EDGE_CURVE('',#819,#817,#418,.T.);
#980=EDGE_CURVE('',#820,#818,#419,.T.);
#981=EDGE_CURVE('',#821,#820,#420,.T.);
#982=EDGE_CURVE('',#821,#819,#421,.T.);
#983=EDGE_CURVE('',#822,#821,#422,.T.);
#984=EDGE_CURVE('',#823,#820,#423,.T.);
#985=EDGE_CURVE('',#822,#823,#424,.T.);
#986=EDGE_CURVE('',#777,#823,#425,.T.);
#987=EDGE_CURVE('',#776,#822,#426,.T.);
#988=EDGE_CURVE('',#824,#825,#427,.T.);
#989=EDGE_CURVE('',#826,#825,#428,.T.);
#990=EDGE_CURVE('',#827,#826,#429,.T.);
#991=EDGE_CURVE('',#827,#824,#430,.T.);
#992=EDGE_CURVE('',#828,#826,#431,.T.);
#993=EDGE_CURVE('',#829,#828,#432,.T.);
#994=EDGE_CURVE('',#829,#827,#433,.T.);
#995=EDGE_CURVE('',#830,#828,#434,.T.);
#996=EDGE_CURVE('',#831,#830,#435,.T.);
#997=EDGE_CURVE('',#831,#829,#436,.T.);
#998=EDGE_CURVE('',#832,#830,#437,.T.);
#999=EDGE_CURVE('',#833,#832,#438,.T.);
#1000=EDGE_CURVE('',#833,#831,#439,.T.);
#1001=EDGE_CURVE('',#810,#832,#440,.T.);
#1002=EDGE_CURVE('',#811,#833,#441,.T.);
#1003=EDGE_CURVE('',#770,#834,#442,.T.);
#1004=EDGE_CURVE('',#834,#835,#443,.T.);
#1005=EDGE_CURVE('',#835,#812,#444,.T.);
#1006=EDGE_CURVE('',#774,#836,#445,.T.);
#1007=EDGE_CURVE('',#836,#837,#446,.T.);
#1008=EDGE_CURVE('',#837,#782,#447,.T.);
#1009=EDGE_CURVE('',#785,#838,#448,.T.);
#1010=EDGE_CURVE('',#838,#839,#449,.T.);
#1011=EDGE_CURVE('',#839,#790,#450,.T.);
#1012=EDGE_CURVE('',#793,#840,#451,.T.);
#1013=EDGE_CURVE('',#840,#841,#452,.T.);
#1014=EDGE_CURVE('',#841,#798,#453,.T.);
#1015=EDGE_CURVE('',#801,#842,#454,.T.);
#1016=EDGE_CURVE('',#842,#843,#455,.T.);
#1017=EDGE_CURVE('',#843,#806,#456,.T.);
#1018=EDGE_CURVE('',#809,#844,#457,.T.);
#1019=EDGE_CURVE('',#844,#845,#458,.T.);
#1020=EDGE_CURVE('',#845,#824,#459,.T.);
#1021=EDGE_CURVE('',#802,#846,#460,.T.);
#1022=EDGE_CURVE('',#846,#847,#461,.T.);
#1023=EDGE_CURVE('',#847,#796,#462,.T.);
#1024=EDGE_CURVE('',#794,#848,#463,.T.);
#1025=EDGE_CURVE('',#848,#849,#464,.T.);
#1026=EDGE_CURVE('',#849,#788,#465,.T.);
#1027=EDGE_CURVE('',#786,#850,#466,.T.);
#1028=EDGE_CURVE('',#850,#851,#467,.T.);
#1029=EDGE_CURVE('',#851,#780,#468,.T.);
#1030=EDGE_CURVE('',#778,#852,#469,.T.);
#1031=EDGE_CURVE('',#852,#853,#470,.T.);
#1032=EDGE_CURVE('',#853,#772,#471,.T.);
#1033=EDGE_CURVE('',#771,#854,#472,.T.);
#1034=EDGE_CURVE('',#855,#773,#473,.T.);
#1035=EDGE_CURVE('',#856,#855,#474,.T.);
#1036=EDGE_CURVE('',#779,#856,#475,.T.);
#1037=EDGE_CURVE('',#857,#781,#476,.T.);
#1038=EDGE_CURVE('',#858,#857,#477,.T.);
#1039=EDGE_CURVE('',#787,#858,#478,.T.);
#1040=EDGE_CURVE('',#859,#789,#479,.T.);
#1041=EDGE_CURVE('',#860,#859,#480,.T.);
#1042=EDGE_CURVE('',#795,#860,#481,.T.);
#1043=EDGE_CURVE('',#861,#797,#482,.T.);
#1044=EDGE_CURVE('',#862,#861,#483,.T.);
#1045=EDGE_CURVE('',#803,#862,#484,.T.);
#1046=EDGE_CURVE('',#863,#825,#485,.T.);
#1047=EDGE_CURVE('',#864,#863,#486,.T.);
#1048=EDGE_CURVE('',#808,#864,#487,.T.);
#1049=EDGE_CURVE('',#865,#807,#488,.T.);
#1050=EDGE_CURVE('',#866,#865,#489,.T.);
#1051=EDGE_CURVE('',#800,#866,#490,.T.);
#1052=EDGE_CURVE('',#867,#799,#491,.T.);
#1053=EDGE_CURVE('',#868,#867,#492,.T.);
#1054=EDGE_CURVE('',#792,#868,#493,.T.);
#1055=EDGE_CURVE('',#869,#791,#494,.T.);
#1056=EDGE_CURVE('',#870,#869,#495,.T.);
#1057=EDGE_CURVE('',#784,#870,#496,.T.);
#1058=EDGE_CURVE('',#871,#783,#497,.T.);
#1059=EDGE_CURVE('',#872,#871,#498,.T.);
#1060=EDGE_CURVE('',#775,#872,#499,.T.);
#1061=EDGE_CURVE('',#873,#813,#500,.T.);
#1062=EDGE_CURVE('',#854,#873,#501,.T.);
#1063=EDGE_CURVE('',#844,#864,#502,.T.);
#1064=EDGE_CURVE('',#845,#863,#503,.T.);
#1065=EDGE_CURVE('',#846,#862,#504,.T.);
#1066=EDGE_CURVE('',#847,#861,#505,.T.);
#1067=EDGE_CURVE('',#842,#866,#506,.T.);
#1068=EDGE_CURVE('',#843,#865,#507,.T.);
#1069=EDGE_CURVE('',#848,#860,#508,.T.);
#1070=EDGE_CURVE('',#849,#859,#509,.T.);
#1071=EDGE_CURVE('',#840,#868,#510,.T.);
#1072=EDGE_CURVE('',#841,#867,#511,.T.);
#1073=EDGE_CURVE('',#850,#858,#512,.T.);
#1074=EDGE_CURVE('',#851,#857,#513,.T.);
#1075=EDGE_CURVE('',#838,#870,#514,.T.);
#1076=EDGE_CURVE('',#839,#869,#515,.T.);
#1077=EDGE_CURVE('',#852,#856,#516,.T.);
#1078=EDGE_CURVE('',#853,#855,#517,.T.);
#1079=EDGE_CURVE('',#836,#872,#518,.T.);
#1080=EDGE_CURVE('',#837,#871,#519,.T.);
#1081=EDGE_CURVE('',#834,#854,#520,.T.);
#1082=EDGE_CURVE('',#835,#873,#521,.T.);
#1083=EDGE_CURVE('',#874,#875,#728,.T.);
#1084=EDGE_CURVE('',#875,#874,#729,.T.);
#1085=EDGE_CURVE('',#875,#876,#522,.T.);
#1086=EDGE_CURVE('',#876,#876,#730,.T.);
#1087=EDGE_CURVE('',#876,#877,#731,.T.);
#1088=EDGE_CURVE('',#877,#877,#732,.T.);
#1089=EDGE_CURVE('',#878,#878,#733,.T.);
#1090=EDGE_CURVE('',#878,#879,#523,.T.);
#1091=EDGE_CURVE('',#879,#879,#734,.T.);
#1092=EDGE_CURVE('',#880,#880,#735,.T.);
#1093=EDGE_CURVE('',#880,#881,#524,.T.);
#1094=EDGE_CURVE('',#881,#881,#736,.T.);
#1095=EDGE_CURVE('',#882,#882,#737,.T.);
#1096=EDGE_CURVE('',#882,#883,#525,.T.);
#1097=EDGE_CURVE('',#883,#883,#738,.T.);
#1098=EDGE_CURVE('',#883,#884,#526,.T.);
#1099=EDGE_CURVE('',#884,#884,#739,.T.);
#1100=EDGE_CURVE('',#884,#885,#527,.T.);
#1101=EDGE_CURVE('',#885,#885,#740,.T.);
#1102=EDGE_CURVE('',#886,#886,#741,.T.);
#1103=EDGE_CURVE('',#886,#887,#528,.T.);
#1104=EDGE_CURVE('',#887,#888,#742,.T.);
#1105=EDGE_CURVE('',#888,#887,#743,.T.);
#1106=EDGE_CURVE('',#889,#888,#744,.T.);
#1107=EDGE_CURVE('',#874,#890,#745,.T.);
#1108=ORIENTED_EDGE('',*,*,#891,.F.);
#1109=ORIENTED_EDGE('',*,*,#892,.T.);
#1110=ORIENTED_EDGE('',*,*,#893,.T.);
#1111=ORIENTED_EDGE('',*,*,#892,.F.);
#1112=ORIENTED_EDGE('',*,*,#894,.F.);
#1113=ORIENTED_EDGE('',*,*,#895,.T.);
#1114=ORIENTED_EDGE('',*,*,#896,.T.);
#1115=ORIENTED_EDGE('',*,*,#895,.F.);
#1116=ORIENTED_EDGE('',*,*,#897,.F.);
#1117=ORIENTED_EDGE('',*,*,#898,.T.);
#1118=ORIENTED_EDGE('',*,*,#899,.T.);
#1119=ORIENTED_EDGE('',*,*,#898,.F.);
#1120=ORIENTED_EDGE('',*,*,#900,.F.);
#1121=ORIENTED_EDGE('',*,*,#901,.T.);
#1122=ORIENTED_EDGE('',*,*,#902,.T.);
#1123=ORIENTED_EDGE('',*,*,#901,.F.);
#1124=ORIENTED_EDGE('',*,*,#903,.F.);
#1125=ORIENTED_EDGE('',*,*,#904,.T.);
#1126=ORIENTED_EDGE('',*,*,#905,.T.);
#1127=ORIENTED_EDGE('',*,*,#904,.F.);
#1128=ORIENTED_EDGE('',*,*,#906,.F.);
#1129=ORIENTED_EDGE('',*,*,#907,.T.);
#1130=ORIENTED_EDGE('',*,*,#908,.T.);
#1131=ORIENTED_EDGE('',*,*,#907,.F.);
#1132=ORIENTED_EDGE('',*,*,#909,.F.);
#1133=ORIENTED_EDGE('',*,*,#910,.T.);
#1134=ORIENTED_EDGE('',*,*,#911,.T.);
#1135=ORIENTED_EDGE('',*,*,#910,.F.);
#1136=ORIENTED_EDGE('',*,*,#912,.F.);
#1137=ORIENTED_EDGE('',*,*,#913,.T.);
#1138=ORIENTED_EDGE('',*,*,#914,.T.);
#1139=ORIENTED_EDGE('',*,*,#913,.F.);
#1140=ORIENTED_EDGE('',*,*,#915,.F.);
#1141=ORIENTED_EDGE('',*,*,#916,.T.);
#1142=ORIENTED_EDGE('',*,*,#917,.T.);
#1143=ORIENTED_EDGE('',*,*,#916,.F.);
#1144=ORIENTED_EDGE('',*,*,#918,.F.);
#1145=ORIENTED_EDGE('',*,*,#919,.T.);
#1146=ORIENTED_EDGE('',*,*,#920,.T.);
#1147=ORIENTED_EDGE('',*,*,#919,.F.);
#1148=ORIENTED_EDGE('',*,*,#921,.F.);
#1149=ORIENTED_EDGE('',*,*,#922,.T.);
#1150=ORIENTED_EDGE('',*,*,#923,.T.);
#1151=ORIENTED_EDGE('',*,*,#922,.F.);
#1152=ORIENTED_EDGE('',*,*,#924,.F.);
#1153=ORIENTED_EDGE('',*,*,#925,.T.);
#1154=ORIENTED_EDGE('',*,*,#926,.T.);
#1155=ORIENTED_EDGE('',*,*,#925,.F.);
#1156=ORIENTED_EDGE('',*,*,#927,.F.);
#1157=ORIENTED_EDGE('',*,*,#928,.T.);
#1158=ORIENTED_EDGE('',*,*,#929,.T.);
#1159=ORIENTED_EDGE('',*,*,#930,.F.);
#1160=ORIENTED_EDGE('',*,*,#931,.F.);
#1161=ORIENTED_EDGE('',*,*,#932,.T.);
#1162=ORIENTED_EDGE('',*,*,#933,.T.);
#1163=ORIENTED_EDGE('',*,*,#934,.F.);
#1164=ORIENTED_EDGE('',*,*,#935,.F.);
#1165=ORIENTED_EDGE('',*,*,#936,.T.);
#1166=ORIENTED_EDGE('',*,*,#937,.T.);
#1167=ORIENTED_EDGE('',*,*,#938,.F.);
#1168=ORIENTED_EDGE('',*,*,#939,.T.);
#1169=ORIENTED_EDGE('',*,*,#940,.F.);
#1170=ORIENTED_EDGE('',*,*,#941,.F.);
#1171=ORIENTED_EDGE('',*,*,#942,.T.);
#1172=ORIENTED_EDGE('',*,*,#943,.F.);
#1173=ORIENTED_EDGE('',*,*,#944,.T.);
#1174=ORIENTED_EDGE('',*,*,#945,.T.);
#1175=ORIENTED_EDGE('',*,*,#946,.F.);
#1176=ORIENTED_EDGE('',*,*,#947,.T.);
#1177=ORIENTED_EDGE('',*,*,#948,.F.);
#1178=ORIENTED_EDGE('',*,*,#949,.F.);
#1179=ORIENTED_EDGE('',*,*,#950,.T.);
#1180=ORIENTED_EDGE('',*,*,#951,.F.);
#1181=ORIENTED_EDGE('',*,*,#952,.T.);
#1182=ORIENTED_EDGE('',*,*,#953,.T.);
#1183=ORIENTED_EDGE('',*,*,#954,.F.);
#1184=ORIENTED_EDGE('',*,*,#955,.T.);
#1185=ORIENTED_EDGE('',*,*,#956,.F.);
#1186=ORIENTED_EDGE('',*,*,#957,.F.);
#1187=ORIENTED_EDGE('',*,*,#958,.T.);
#1188=ORIENTED_EDGE('',*,*,#959,.F.);
#1189=ORIENTED_EDGE('',*,*,#960,.T.);
#1190=ORIENTED_EDGE('',*,*,#961,.T.);
#1191=ORIENTED_EDGE('',*,*,#962,.F.);
#1192=ORIENTED_EDGE('',*,*,#963,.T.);
#1193=ORIENTED_EDGE('',*,*,#964,.F.);
#1194=ORIENTED_EDGE('',*,*,#965,.F.);
#1195=ORIENTED_EDGE('',*,*,#966,.T.);
#1196=ORIENTED_EDGE('',*,*,#967,.F.);
#1197=ORIENTED_EDGE('',*,*,#961,.F.);
#1198=ORIENTED_EDGE('',*,*,#968,.T.);
#1199=ORIENTED_EDGE('',*,*,#969,.T.);
#1200=ORIENTED_EDGE('',*,*,#970,.T.);
#1201=ORIENTED_EDGE('',*,*,#971,.F.);
#1202=ORIENTED_EDGE('',*,*,#972,.F.);
#1203=ORIENTED_EDGE('',*,*,#973,.T.);
#1204=ORIENTED_EDGE('',*,*,#974,.F.);
#1205=ORIENTED_EDGE('',*,*,#975,.F.);
#1206=ORIENTED_EDGE('',*,*,#976,.T.);
#1207=ORIENTED_EDGE('',*,*,#972,.T.);
#1208=ORIENTED_EDGE('',*,*,#975,.T.);
#1209=ORIENTED_EDGE('',*,*,#977,.F.);
#1210=ORIENTED_EDGE('',*,*,#978,.F.);
#1211=ORIENTED_EDGE('',*,*,#979,.T.);
#1212=ORIENTED_EDGE('',*,*,#980,.F.);
#1213=ORIENTED_EDGE('',*,*,#981,.F.);
#1214=ORIENTED_EDGE('',*,*,#982,.T.);
#1215=ORIENTED_EDGE('',*,*,#978,.T.);
#1216=ORIENTED_EDGE('',*,*,#983,.T.);
#1217=ORIENTED_EDGE('',*,*,#981,.T.);
#1218=ORIENTED_EDGE('',*,*,#984,.F.);
#1219=ORIENTED_EDGE('',*,*,#985,.F.);
#1220=ORIENTED_EDGE('',*,*,#986,.F.);
#1221=ORIENTED_EDGE('',*,*,#933,.F.);
#1222=ORIENTED_EDGE('',*,*,#987,.T.);
#1223=ORIENTED_EDGE('',*,*,#985,.T.);
#1224=ORIENTED_EDGE('',*,*,#988,.T.);
#1225=ORIENTED_EDGE('',*,*,#989,.F.);
#1226=ORIENTED_EDGE('',*,*,#990,.F.);
#1227=ORIENTED_EDGE('',*,*,#991,.T.);
#1228=ORIENTED_EDGE('',*,*,#992,.F.);
#1229=ORIENTED_EDGE('',*,*,#993,.F.);
#1230=ORIENTED_EDGE('',*,*,#994,.T.);
#1231=ORIENTED_EDGE('',*,*,#990,.T.);
#1232=ORIENTED_EDGE('',*,*,#995,.F.);
#1233=ORIENTED_EDGE('',*,*,#996,.F.);
#1234=ORIENTED_EDGE('',*,*,#997,.T.);
#1235=ORIENTED_EDGE('',*,*,#993,.T.);
#1236=ORIENTED_EDGE('',*,*,#998,.F.);
#1237=ORIENTED_EDGE('',*,*,#999,.F.);
#1238=ORIENTED_EDGE('',*,*,#1000,.T.);
#1239=ORIENTED_EDGE('',*,*,#996,.T.);
#1240=ORIENTED_EDGE('',*,*,#1001,.F.);
#1241=ORIENTED_EDGE('',*,*,#969,.F.);
#1242=ORIENTED_EDGE('',*,*,#1002,.T.);
#1243=ORIENTED_EDGE('',*,*,#999,.T.);
#1244=ORIENTED_EDGE('',*,*,#928,.F.);
#1245=ORIENTED_EDGE('',*,*,#1003,.T.);
#1246=ORIENTED_EDGE('',*,*,#1004,.T.);
#1247=ORIENTED_EDGE('',*,*,#1005,.T.);
#1248=ORIENTED_EDGE('',*,*,#973,.F.);
#1249=ORIENTED_EDGE('',*,*,#976,.F.);
#1250=ORIENTED_EDGE('',*,*,#979,.F.);
#1251=ORIENTED_EDGE('',*,*,#982,.F.);
#1252=ORIENTED_EDGE('',*,*,#983,.F.);
#1253=ORIENTED_EDGE('',*,*,#987,.F.);
#1254=ORIENTED_EDGE('',*,*,#932,.F.);
#1255=ORIENTED_EDGE('',*,*,#1006,.T.);
#1256=ORIENTED_EDGE('',*,*,#1007,.T.);
#1257=ORIENTED_EDGE('',*,*,#1008,.T.);
#1258=ORIENTED_EDGE('',*,*,#942,.F.);
#1259=ORIENTED_EDGE('',*,*,#1009,.T.);
#1260=ORIENTED_EDGE('',*,*,#1010,.T.);
#1261=ORIENTED_EDGE('',*,*,#1011,.T.);
#1262=ORIENTED_EDGE('',*,*,#950,.F.);
#1263=ORIENTED_EDGE('',*,*,#1012,.T.);
#1264=ORIENTED_EDGE('',*,*,#1013,.T.);
#1265=ORIENTED_EDGE('',*,*,#1014,.T.);
#1266=ORIENTED_EDGE('',*,*,#958,.F.);
#1267=ORIENTED_EDGE('',*,*,#1015,.T.);
#1268=ORIENTED_EDGE('',*,*,#1016,.T.);
#1269=ORIENTED_EDGE('',*,*,#1017,.T.);
#1270=ORIENTED_EDGE('',*,*,#966,.F.);
#1271=ORIENTED_EDGE('',*,*,#1018,.T.);
#1272=ORIENTED_EDGE('',*,*,#1019,.T.);
#1273=ORIENTED_EDGE('',*,*,#1020,.T.);
#1274=ORIENTED_EDGE('',*,*,#991,.F.);
#1275=ORIENTED_EDGE('',*,*,#994,.F.);
#1276=ORIENTED_EDGE('',*,*,#997,.F.);
#1277=ORIENTED_EDGE('',*,*,#1000,.F.);
#1278=ORIENTED_EDGE('',*,*,#1002,.F.);
#1279=ORIENTED_EDGE('',*,*,#968,.F.);
#1280=ORIENTED_EDGE('',*,*,#960,.F.);
#1281=ORIENTED_EDGE('',*,*,#1021,.T.);
#1282=ORIENTED_EDGE('',*,*,#1022,.T.);
#1283=ORIENTED_EDGE('',*,*,#1023,.T.);
#1284=ORIENTED_EDGE('',*,*,#952,.F.);
#1285=ORIENTED_EDGE('',*,*,#1024,.T.);
#1286=ORIENTED_EDGE('',*,*,#1025,.T.);
#1287=ORIENTED_EDGE('',*,*,#1026,.T.);
#1288=ORIENTED_EDGE('',*,*,#944,.F.);
#1289=ORIENTED_EDGE('',*,*,#1027,.T.);
#1290=ORIENTED_EDGE('',*,*,#1028,.T.);
#1291=ORIENTED_EDGE('',*,*,#1029,.T.);
#1292=ORIENTED_EDGE('',*,*,#936,.F.);
#1293=ORIENTED_EDGE('',*,*,#1030,.T.);
#1294=ORIENTED_EDGE('',*,*,#1031,.T.);
#1295=ORIENTED_EDGE('',*,*,#1032,.T.);
#1296=ORIENTED_EDGE('',*,*,#891,.T.);
#1297=ORIENTED_EDGE('',*,*,#894,.T.);
#1298=ORIENTED_EDGE('',*,*,#897,.T.);
#1299=ORIENTED_EDGE('',*,*,#900,.T.);
#1300=ORIENTED_EDGE('',*,*,#903,.T.);
#1301=ORIENTED_EDGE('',*,*,#906,.T.);
#1302=ORIENTED_EDGE('',*,*,#909,.T.);
#1303=ORIENTED_EDGE('',*,*,#912,.T.);
#1304=ORIENTED_EDGE('',*,*,#915,.T.);
#1305=ORIENTED_EDGE('',*,*,#918,.T.);
#1306=ORIENTED_EDGE('',*,*,#921,.T.);
#1307=ORIENTED_EDGE('',*,*,#924,.T.);
#1308=ORIENTED_EDGE('',*,*,#1033,.F.);
#1309=ORIENTED_EDGE('',*,*,#930,.T.);
#1310=ORIENTED_EDGE('',*,*,#1034,.F.);
#1311=ORIENTED_EDGE('',*,*,#1035,.F.);
#1312=ORIENTED_EDGE('',*,*,#1036,.F.);
#1313=ORIENTED_EDGE('',*,*,#938,.T.);
#1314=ORIENTED_EDGE('',*,*,#1037,.F.);
#1315=ORIENTED_EDGE('',*,*,#1038,.F.);
#1316=ORIENTED_EDGE('',*,*,#1039,.F.);
#1317=ORIENTED_EDGE('',*,*,#946,.T.);
#1318=ORIENTED_EDGE('',*,*,#1040,.F.);
#1319=ORIENTED_EDGE('',*,*,#1041,.F.);
#1320=ORIENTED_EDGE('',*,*,#1042,.F.);
#1321=ORIENTED_EDGE('',*,*,#954,.T.);
#1322=ORIENTED_EDGE('',*,*,#1043,.F.);
#1323=ORIENTED_EDGE('',*,*,#1044,.F.);
#1324=ORIENTED_EDGE('',*,*,#1045,.F.);
#1325=ORIENTED_EDGE('',*,*,#962,.T.);
#1326=ORIENTED_EDGE('',*,*,#967,.T.);
#1327=ORIENTED_EDGE('',*,*,#1001,.T.);
#1328=ORIENTED_EDGE('',*,*,#998,.T.);
#1329=ORIENTED_EDGE('',*,*,#995,.T.);
#1330=ORIENTED_EDGE('',*,*,#992,.T.);
#1331=ORIENTED_EDGE('',*,*,#989,.T.);
#1332=ORIENTED_EDGE('',*,*,#1046,.F.);
#1333=ORIENTED_EDGE('',*,*,#1047,.F.);
#1334=ORIENTED_EDGE('',*,*,#1048,.F.);
#1335=ORIENTED_EDGE('',*,*,#964,.T.);
#1336=ORIENTED_EDGE('',*,*,#1049,.F.);
#1337=ORIENTED_EDGE('',*,*,#1050,.F.);
#1338=ORIENTED_EDGE('',*,*,#1051,.F.);
#1339=ORIENTED_EDGE('',*,*,#956,.T.);
#1340=ORIENTED_EDGE('',*,*,#1052,.F.);
#1341=ORIENTED_EDGE('',*,*,#1053,.F.);
#1342=ORIENTED_EDGE('',*,*,#1054,.F.);
#1343=ORIENTED_EDGE('',*,*,#948,.T.);
#1344=ORIENTED_EDGE('',*,*,#1055,.F.);
#1345=ORIENTED_EDGE('',*,*,#1056,.F.);
#1346=ORIENTED_EDGE('',*,*,#1057,.F.);
#1347=ORIENTED_EDGE('',*,*,#940,.T.);
#1348=ORIENTED_EDGE('',*,*,#1058,.F.);
#1349=ORIENTED_EDGE('',*,*,#1059,.F.);
#1350=ORIENTED_EDGE('',*,*,#1060,.F.);
#1351=ORIENTED_EDGE('',*,*,#934,.T.);
#1352=ORIENTED_EDGE('',*,*,#986,.T.);
#1353=ORIENTED_EDGE('',*,*,#984,.T.);
#1354=ORIENTED_EDGE('',*,*,#980,.T.);
#1355=ORIENTED_EDGE('',*,*,#977,.T.);
#1356=ORIENTED_EDGE('',*,*,#974,.T.);
#1357=ORIENTED_EDGE('',*,*,#971,.T.);
#1358=ORIENTED_EDGE('',*,*,#1061,.F.);
#1359=ORIENTED_EDGE('',*,*,#1062,.F.);
#1360=ORIENTED_EDGE('',*,*,#893,.F.);
#1361=ORIENTED_EDGE('',*,*,#896,.F.);
#1362=ORIENTED_EDGE('',*,*,#899,.F.);
#1363=ORIENTED_EDGE('',*,*,#902,.F.);
#1364=ORIENTED_EDGE('',*,*,#905,.F.);
#1365=ORIENTED_EDGE('',*,*,#908,.F.);
#1366=ORIENTED_EDGE('',*,*,#911,.F.);
#1367=ORIENTED_EDGE('',*,*,#914,.F.);
#1368=ORIENTED_EDGE('',*,*,#917,.F.);
#1369=ORIENTED_EDGE('',*,*,#920,.F.);
#1370=ORIENTED_EDGE('',*,*,#923,.F.);
#1371=ORIENTED_EDGE('',*,*,#926,.F.);
#1372=ORIENTED_EDGE('',*,*,#1048,.T.);
#1373=ORIENTED_EDGE('',*,*,#1063,.F.);
#1374=ORIENTED_EDGE('',*,*,#1018,.F.);
#1375=ORIENTED_EDGE('',*,*,#965,.T.);
#1376=ORIENTED_EDGE('',*,*,#1046,.T.);
#1377=ORIENTED_EDGE('',*,*,#988,.F.);
#1378=ORIENTED_EDGE('',*,*,#1020,.F.);
#1379=ORIENTED_EDGE('',*,*,#1064,.T.);
#1380=ORIENTED_EDGE('',*,*,#1047,.T.);
#1381=ORIENTED_EDGE('',*,*,#1064,.F.);
#1382=ORIENTED_EDGE('',*,*,#1019,.F.);
#1383=ORIENTED_EDGE('',*,*,#1063,.T.);
#1384=ORIENTED_EDGE('',*,*,#1045,.T.);
#1385=ORIENTED_EDGE('',*,*,#1065,.F.);
#1386=ORIENTED_EDGE('',*,*,#1021,.F.);
#1387=ORIENTED_EDGE('',*,*,#959,.T.);
#1388=ORIENTED_EDGE('',*,*,#1043,.T.);
#1389=ORIENTED_EDGE('',*,*,#953,.F.);
#1390=ORIENTED_EDGE('',*,*,#1023,.F.);
#1391=ORIENTED_EDGE('',*,*,#1066,.T.);
#1392=ORIENTED_EDGE('',*,*,#1044,.T.);
#1393=ORIENTED_EDGE('',*,*,#1066,.F.);
#1394=ORIENTED_EDGE('',*,*,#1022,.F.);
#1395=ORIENTED_EDGE('',*,*,#1065,.T.);
#1396=ORIENTED_EDGE('',*,*,#1051,.T.);
#1397=ORIENTED_EDGE('',*,*,#1067,.F.);
#1398=ORIENTED_EDGE('',*,*,#1015,.F.);
#1399=ORIENTED_EDGE('',*,*,#957,.T.);
#1400=ORIENTED_EDGE('',*,*,#1049,.T.);
#1401=ORIENTED_EDGE('',*,*,#963,.F.);
#1402=ORIENTED_EDGE('',*,*,#1017,.F.);
#1403=ORIENTED_EDGE('',*,*,#1068,.T.);
#1404=ORIENTED_EDGE('',*,*,#1050,.T.);
#1405=ORIENTED_EDGE('',*,*,#1068,.F.);
#1406=ORIENTED_EDGE('',*,*,#1016,.F.);
#1407=ORIENTED_EDGE('',*,*,#1067,.T.);
#1408=ORIENTED_EDGE('',*,*,#1042,.T.);
#1409=ORIENTED_EDGE('',*,*,#1069,.F.);
#1410=ORIENTED_EDGE('',*,*,#1024,.F.);
#1411=ORIENTED_EDGE('',*,*,#951,.T.);
#1412=ORIENTED_EDGE('',*,*,#1040,.T.);
#1413=ORIENTED_EDGE('',*,*,#945,.F.);
#1414=ORIENTED_EDGE('',*,*,#1026,.F.);
#1415=ORIENTED_EDGE('',*,*,#1070,.T.);
#1416=ORIENTED_EDGE('',*,*,#1041,.T.);
#1417=ORIENTED_EDGE('',*,*,#1070,.F.);
#1418=ORIENTED_EDGE('',*,*,#1025,.F.);
#1419=ORIENTED_EDGE('',*,*,#1069,.T.);
#1420=ORIENTED_EDGE('',*,*,#1054,.T.);
#1421=ORIENTED_EDGE('',*,*,#1071,.F.);
#1422=ORIENTED_EDGE('',*,*,#1012,.F.);
#1423=ORIENTED_EDGE('',*,*,#949,.T.);
#1424=ORIENTED_EDGE('',*,*,#1052,.T.);
#1425=ORIENTED_EDGE('',*,*,#955,.F.);
#1426=ORIENTED_EDGE('',*,*,#1014,.F.);
#1427=ORIENTED_EDGE('',*,*,#1072,.T.);
#1428=ORIENTED_EDGE('',*,*,#1053,.T.);
#1429=ORIENTED_EDGE('',*,*,#1072,.F.);
#1430=ORIENTED_EDGE('',*,*,#1013,.F.);
#1431=ORIENTED_EDGE('',*,*,#1071,.T.);
#1432=ORIENTED_EDGE('',*,*,#1039,.T.);
#1433=ORIENTED_EDGE('',*,*,#1073,.F.);
#1434=ORIENTED_EDGE('',*,*,#1027,.F.);
#1435=ORIENTED_EDGE('',*,*,#943,.T.);
#1436=ORIENTED_EDGE('',*,*,#1037,.T.);
#1437=ORIENTED_EDGE('',*,*,#937,.F.);
#1438=ORIENTED_EDGE('',*,*,#1029,.F.);
#1439=ORIENTED_EDGE('',*,*,#1074,.T.);
#1440=ORIENTED_EDGE('',*,*,#1038,.T.);
#1441=ORIENTED_EDGE('',*,*,#1074,.F.);
#1442=ORIENTED_EDGE('',*,*,#1028,.F.);
#1443=ORIENTED_EDGE('',*,*,#1073,.T.);
#1444=ORIENTED_EDGE('',*,*,#1057,.T.);
#1445=ORIENTED_EDGE('',*,*,#1075,.F.);
#1446=ORIENTED_EDGE('',*,*,#1009,.F.);
#1447=ORIENTED_EDGE('',*,*,#941,.T.);
#1448=ORIENTED_EDGE('',*,*,#1055,.T.);
#1449=ORIENTED_EDGE('',*,*,#947,.F.);
#1450=ORIENTED_EDGE('',*,*,#1011,.F.);
#1451=ORIENTED_EDGE('',*,*,#1076,.T.);
#1452=ORIENTED_EDGE('',*,*,#1056,.T.);
#1453=ORIENTED_EDGE('',*,*,#1076,.F.);
#1454=ORIENTED_EDGE('',*,*,#1010,.F.);
#1455=ORIENTED_EDGE('',*,*,#1075,.T.);
#1456=ORIENTED_EDGE('',*,*,#1036,.T.);
#1457=ORIENTED_EDGE('',*,*,#1077,.F.);
#1458=ORIENTED_EDGE('',*,*,#1030,.F.);
#1459=ORIENTED_EDGE('',*,*,#935,.T.);
#1460=ORIENTED_EDGE('',*,*,#1034,.T.);
#1461=ORIENTED_EDGE('',*,*,#929,.F.);
#1462=ORIENTED_EDGE('',*,*,#1032,.F.);
#1463=ORIENTED_EDGE('',*,*,#1078,.T.);
#1464=ORIENTED_EDGE('',*,*,#1035,.T.);
#1465=ORIENTED_EDGE('',*,*,#1078,.F.);
#1466=ORIENTED_EDGE('',*,*,#1031,.F.);
#1467=ORIENTED_EDGE('',*,*,#1077,.T.);
#1468=ORIENTED_EDGE('',*,*,#1060,.T.);
#1469=ORIENTED_EDGE('',*,*,#1079,.F.);
#1470=ORIENTED_EDGE('',*,*,#1006,.F.);
#1471=ORIENTED_EDGE('',*,*,#931,.T.);
#1472=ORIENTED_EDGE('',*,*,#1058,.T.);
#1473=ORIENTED_EDGE('',*,*,#939,.F.);
#1474=ORIENTED_EDGE('',*,*,#1008,.F.);
#1475=ORIENTED_EDGE('',*,*,#1080,.T.);
#1476=ORIENTED_EDGE('',*,*,#1059,.T.);
#1477=ORIENTED_EDGE('',*,*,#1080,.F.);
#1478=ORIENTED_EDGE('',*,*,#1007,.F.);
#1479=ORIENTED_EDGE('',*,*,#1079,.T.);
#1480=ORIENTED_EDGE('',*,*,#1033,.T.);
#1481=ORIENTED_EDGE('',*,*,#1081,.F.);
#1482=ORIENTED_EDGE('',*,*,#1003,.F.);
#1483=ORIENTED_EDGE('',*,*,#927,.T.);
#1484=ORIENTED_EDGE('',*,*,#1061,.T.);
#1485=ORIENTED_EDGE('',*,*,#970,.F.);
#1486=ORIENTED_EDGE('',*,*,#1005,.F.);
#1487=ORIENTED_EDGE('',*,*,#1082,.T.);
#1488=ORIENTED_EDGE('',*,*,#1062,.T.);
#1489=ORIENTED_EDGE('',*,*,#1082,.F.);
#1490=ORIENTED_EDGE('',*,*,#1004,.F.);
#1491=ORIENTED_EDGE('',*,*,#1081,.T.);
#1492=ORIENTED_EDGE('',*,*,#1083,.F.);
#1493=ORIENTED_EDGE('',*,*,#1084,.F.);
#1494=ORIENTED_EDGE('',*,*,#1085,.T.);
#1495=ORIENTED_EDGE('',*,*,#1086,.T.);
#1496=ORIENTED_EDGE('',*,*,#1085,.F.);
#1497=ORIENTED_EDGE('',*,*,#1086,.F.);
#1498=ORIENTED_EDGE('',*,*,#1087,.T.);
#1499=ORIENTED_EDGE('',*,*,#1088,.T.);
#1500=ORIENTED_EDGE('',*,*,#1087,.F.);
#1501=ORIENTED_EDGE('',*,*,#1089,.F.);
#1502=ORIENTED_EDGE('',*,*,#1090,.T.);
#1503=ORIENTED_EDGE('',*,*,#1091,.T.);
#1504=ORIENTED_EDGE('',*,*,#1090,.F.);
#1505=ORIENTED_EDGE('',*,*,#1092,.F.);
#1506=ORIENTED_EDGE('',*,*,#1093,.T.);
#1507=ORIENTED_EDGE('',*,*,#1094,.T.);
#1508=ORIENTED_EDGE('',*,*,#1093,.F.);
#1509=ORIENTED_EDGE('',*,*,#1095,.F.);
#1510=ORIENTED_EDGE('',*,*,#1096,.T.);
#1511=ORIENTED_EDGE('',*,*,#1097,.T.);
#1512=ORIENTED_EDGE('',*,*,#1096,.F.);
#1513=ORIENTED_EDGE('',*,*,#1097,.F.);
#1514=ORIENTED_EDGE('',*,*,#1098,.T.);
#1515=ORIENTED_EDGE('',*,*,#1099,.T.);
#1516=ORIENTED_EDGE('',*,*,#1098,.F.);
#1517=ORIENTED_EDGE('',*,*,#1099,.F.);
#1518=ORIENTED_EDGE('',*,*,#1100,.T.);
#1519=ORIENTED_EDGE('',*,*,#1101,.T.);
#1520=ORIENTED_EDGE('',*,*,#1100,.F.);
#1521=ORIENTED_EDGE('',*,*,#1102,.F.);
#1522=ORIENTED_EDGE('',*,*,#1103,.T.);
#1523=ORIENTED_EDGE('',*,*,#1104,.T.);
#1524=ORIENTED_EDGE('',*,*,#1105,.T.);
#1525=ORIENTED_EDGE('',*,*,#1103,.F.);
#1526=ORIENTED_EDGE('',*,*,#1105,.F.);
#1527=ORIENTED_EDGE('',*,*,#1106,.F.);
#1528=ORIENTED_EDGE('',*,*,#1106,.T.);
#1529=ORIENTED_EDGE('',*,*,#1104,.F.);
#1530=ORIENTED_EDGE('',*,*,#1083,.T.);
#1531=ORIENTED_EDGE('',*,*,#1084,.T.);
#1532=ORIENTED_EDGE('',*,*,#1107,.T.);
#1533=ORIENTED_EDGE('',*,*,#1107,.F.);
#1534=ORIENTED_EDGE('',*,*,#1101,.F.);
#1535=ORIENTED_EDGE('',*,*,#1102,.T.);
#1536=ORIENTED_EDGE('',*,*,#1095,.T.);
#1537=ORIENTED_EDGE('',*,*,#1094,.F.);
#1538=ORIENTED_EDGE('',*,*,#1091,.F.);
#1539=ORIENTED_EDGE('',*,*,#1092,.T.);
#1540=ORIENTED_EDGE('',*,*,#1089,.T.);
#1541=ORIENTED_EDGE('',*,*,#1088,.F.);
#1542=CYLINDRICAL_SURFACE('',#1667,0.0315500000000005);
#1543=CYLINDRICAL_SURFACE('',#1670,0.0315500000000005);
#1544=CYLINDRICAL_SURFACE('',#1673,0.0315500000000005);
#1545=CYLINDRICAL_SURFACE('',#1676,0.0315500000000005);
#1546=CYLINDRICAL_SURFACE('',#1679,0.0315500000000005);
#1547=CYLINDRICAL_SURFACE('',#1682,0.0315500000000005);
#1548=CYLINDRICAL_SURFACE('',#1685,0.0315500000000005);
#1549=CYLINDRICAL_SURFACE('',#1688,0.0315500000000005);
#1550=CYLINDRICAL_SURFACE('',#1691,0.0315500000000005);
#1551=CYLINDRICAL_SURFACE('',#1694,0.0315500000000005);
#1552=CYLINDRICAL_SURFACE('',#1697,0.0315500000000005);
#1553=CYLINDRICAL_SURFACE('',#1700,0.0315500000000005);
#1554=CYLINDRICAL_SURFACE('',#1758,0.0085000000000002);
#1555=CYLINDRICAL_SURFACE('',#1765,0.036);
#1556=CYLINDRICAL_SURFACE('',#1768,0.0305);
#1557=CYLINDRICAL_SURFACE('',#1774,0.029);
#1558=CYLINDRICAL_SURFACE('',#1778,0.0209);
#1559=ADVANCED_FACE('',(#166),#1542,.F.);
#1560=ADVANCED_FACE('',(#167),#1543,.F.);
#1561=ADVANCED_FACE('',(#168),#1544,.F.);
#1562=ADVANCED_FACE('',(#169),#1545,.F.);
#1563=ADVANCED_FACE('',(#170),#1546,.F.);
#1564=ADVANCED_FACE('',(#171),#1547,.F.);
#1565=ADVANCED_FACE('',(#172),#1548,.F.);
#1566=ADVANCED_FACE('',(#173),#1549,.F.);
#1567=ADVANCED_FACE('',(#174),#1550,.F.);
#1568=ADVANCED_FACE('',(#175),#1551,.F.);
#1569=ADVANCED_FACE('',(#176),#1552,.F.);
#1570=ADVANCED_FACE('',(#177),#1553,.F.);
#1571=ADVANCED_FACE('',(#178),#108,.T.);
#1572=ADVANCED_FACE('',(#179),#109,.T.);
#1573=ADVANCED_FACE('',(#180),#110,.T.);
#1574=ADVANCED_FACE('',(#181),#111,.T.);
#1575=ADVANCED_FACE('',(#182),#112,.T.);
#1576=ADVANCED_FACE('',(#183),#113,.T.);
#1577=ADVANCED_FACE('',(#184),#114,.T.);
#1578=ADVANCED_FACE('',(#185),#115,.T.);
#1579=ADVANCED_FACE('',(#186),#116,.T.);
#1580=ADVANCED_FACE('',(#187),#117,.T.);
#1581=ADVANCED_FACE('',(#188),#118,.T.);
#1582=ADVANCED_FACE('',(#189),#119,.T.);
#1583=ADVANCED_FACE('',(#190),#120,.T.);
#1584=ADVANCED_FACE('',(#191),#121,.T.);
#1585=ADVANCED_FACE('',(#192),#122,.T.);
#1586=ADVANCED_FACE('',(#193),#123,.T.);
#1587=ADVANCED_FACE('',(#194),#124,.T.);
#1588=ADVANCED_FACE('',(#195),#125,.T.);
#1589=ADVANCED_FACE('',(#196),#126,.T.);
#1590=ADVANCED_FACE('',(#197),#127,.T.);
#1591=ADVANCED_FACE('',(#198),#128,.T.);
#1592=ADVANCED_FACE('',(#199),#129,.T.);
#1593=ADVANCED_FACE('',(#200,#80,#81,#82,#83,#84,#85,#86,#87,#88,#89,#90,
#91),#130,.F.);
#1594=ADVANCED_FACE('',(#201,#92,#93,#94,#95,#96,#97,#98,#99,#100,#101,
#102,#103),#131,.T.);
#1595=ADVANCED_FACE('',(#202),#132,.F.);
#1596=ADVANCED_FACE('',(#203),#133,.F.);
#1597=ADVANCED_FACE('',(#204),#134,.F.);
#1598=ADVANCED_FACE('',(#205),#135,.F.);
#1599=ADVANCED_FACE('',(#206),#136,.F.);
#1600=ADVANCED_FACE('',(#207),#137,.F.);
#1601=ADVANCED_FACE('',(#208),#138,.F.);
#1602=ADVANCED_FACE('',(#209),#139,.F.);
#1603=ADVANCED_FACE('',(#210),#140,.F.);
#1604=ADVANCED_FACE('',(#211),#141,.F.);
#1605=ADVANCED_FACE('',(#212),#142,.F.);
#1606=ADVANCED_FACE('',(#213),#143,.F.);
#1607=ADVANCED_FACE('',(#214),#144,.F.);
#1608=ADVANCED_FACE('',(#215),#145,.F.);
#1609=ADVANCED_FACE('',(#216),#146,.F.);
#1610=ADVANCED_FACE('',(#217),#147,.F.);
#1611=ADVANCED_FACE('',(#218),#148,.F.);
#1612=ADVANCED_FACE('',(#219),#149,.F.);
#1613=ADVANCED_FACE('',(#220),#150,.F.);
#1614=ADVANCED_FACE('',(#221),#151,.F.);
#1615=ADVANCED_FACE('',(#222),#152,.F.);
#1616=ADVANCED_FACE('',(#223),#153,.F.);
#1617=ADVANCED_FACE('',(#224),#154,.F.);
#1618=ADVANCED_FACE('',(#225),#155,.F.);
#1619=ADVANCED_FACE('',(#226),#156,.F.);
#1620=ADVANCED_FACE('',(#227),#157,.F.);
#1621=ADVANCED_FACE('',(#228),#158,.F.);
#1622=ADVANCED_FACE('',(#229),#159,.F.);
#1623=ADVANCED_FACE('',(#230),#160,.F.);
#1624=ADVANCED_FACE('',(#231),#161,.F.);
#1625=ADVANCED_FACE('',(#232),#1554,.T.);
#1626=ADVANCED_FACE('',(#233),#71,.F.);
#1627=ADVANCED_FACE('',(#234),#1555,.T.);
#1628=ADVANCED_FACE('',(#235),#1556,.T.);
#1629=ADVANCED_FACE('',(#236),#69,.T.);
#1630=ADVANCED_FACE('',(#237),#1557,.T.);
#1631=ADVANCED_FACE('',(#238),#70,.T.);
#1632=ADVANCED_FACE('',(#239),#1558,.T.);
#1633=ADVANCED_FACE('',(#240),#67,.T.);
#1634=ADVANCED_FACE('',(#241),#68,.T.);
#1635=ADVANCED_FACE('',(#242,#104),#162,.F.);
#1636=ADVANCED_FACE('',(#243,#105),#163,.F.);
#1637=ADVANCED_FACE('',(#244,#106),#164,.F.);
#1638=ADVANCED_FACE('',(#245,#107),#165,.F.);
#1639=CLOSED_SHELL('',(#1559,#1560,#1561,#1562,#1563,#1564,#1565,#1566,
#1567,#1568,#1569,#1570,#1571,#1572,#1573,#1574,#1575,#1576,#1577,#1578,
#1579,#1580,#1581,#1582,#1583,#1584,#1585,#1586,#1587,#1588,#1589,#1590,
#1591,#1592,#1593,#1594,#1595,#1596,#1597,#1598,#1599,#1600,#1601,#1602,
#1603,#1604,#1605,#1606,#1607,#1608,#1609,#1610,#1611,#1612,#1613,#1614,
#1615,#1616,#1617,#1618,#1619,#1620,#1621,#1622,#1623,#1624));
#1640=CLOSED_SHELL('',(#1625,#1626,#1627,#1628,#1629,#1630,#1631,#1632,
#1633,#1634,#1635,#1636,#1637,#1638));
#1641=DERIVED_UNIT_ELEMENT(#1645,1.);
#1642=DERIVED_UNIT_ELEMENT(#2732,-3.);
#1643=DERIVED_UNIT_ELEMENT(#1645,1.);
#1644=DERIVED_UNIT_ELEMENT(#2732,-3.);
#1645=(
MASS_UNIT()
NAMED_UNIT(*)
SI_UNIT(.KILO.,.GRAM.)
);
#1646=DERIVED_UNIT((#1641,#1642));
#1647=DERIVED_UNIT((#1643,#1644));
#1648=MEASURE_REPRESENTATION_ITEM('density measure',
POSITIVE_RATIO_MEASURE(7850.),#1646);
#1649=MEASURE_REPRESENTATION_ITEM('density measure',
POSITIVE_RATIO_MEASURE(7850.),#1647);
#1650=PROPERTY_DEFINITION_REPRESENTATION(#1660,#1654);
#1651=PROPERTY_DEFINITION_REPRESENTATION(#1661,#1655);
#1652=PROPERTY_DEFINITION_REPRESENTATION(#1662,#1656);
#1653=PROPERTY_DEFINITION_REPRESENTATION(#1663,#1657);
#1654=REPRESENTATION('material name',(#1658),#2726);
#1655=REPRESENTATION('density',(#1648),#2726);
#1656=REPRESENTATION('material name',(#1659),#2727);
#1657=REPRESENTATION('density',(#1649),#2727);
#1658=DESCRIPTIVE_REPRESENTATION_ITEM('Steel','Steel');
#1659=DESCRIPTIVE_REPRESENTATION_ITEM('Steel','Steel');
#1660=PROPERTY_DEFINITION('material property','material name',#2765);
#1661=PROPERTY_DEFINITION('material property','density of part',#2765);
#1662=PROPERTY_DEFINITION('material property','material name',#2766);
#1663=PROPERTY_DEFINITION('material property','density of part',#2766);
#1664=AXIS2_PLACEMENT_3D('',#2259,#1804,#1805);
#1665=AXIS2_PLACEMENT_3D('',#2260,#1806,#1807);
#1666=AXIS2_PLACEMENT_3D('',#2261,#1808,#1809);
#1667=AXIS2_PLACEMENT_3D('',#2262,#1810,#1811);
#1668=AXIS2_PLACEMENT_3D('',#2264,#1812,#1813);
#1669=AXIS2_PLACEMENT_3D('',#2267,#1815,#1816);
#1670=AXIS2_PLACEMENT_3D('',#2268,#1817,#1818);
#1671=AXIS2_PLACEMENT_3D('',#2270,#1819,#1820);
#1672=AXIS2_PLACEMENT_3D('',#2273,#1822,#1823);
#1673=AXIS2_PLACEMENT_3D('',#2274,#1824,#1825);
#1674=AXIS2_PLACEMENT_3D('',#2276,#1826,#1827);
#1675=AXIS2_PLACEMENT_3D('',#2279,#1829,#1830);
#1676=AXIS2_PLACEMENT_3D('',#2280,#1831,#1832);
#1677=AXIS2_PLACEMENT_3D('',#2282,#1833,#1834);
#1678=AXIS2_PLACEMENT_3D('',#2285,#1836,#1837);
#1679=AXIS2_PLACEMENT_3D('',#2286,#1838,#1839);
#1680=AXIS2_PLACEMENT_3D('',#2288,#1840,#1841);
#1681=AXIS2_PLACEMENT_3D('',#2291,#1843,#1844);
#1682=AXIS2_PLACEMENT_3D('',#2292,#1845,#1846);
#1683=AXIS2_PLACEMENT_3D('',#2294,#1847,#1848);
#1684=AXIS2_PLACEMENT_3D('',#2297,#1850,#1851);
#1685=AXIS2_PLACEMENT_3D('',#2298,#1852,#1853);
#1686=AXIS2_PLACEMENT_3D('',#2300,#1854,#1855);
#1687=AXIS2_PLACEMENT_3D('',#2303,#1857,#1858);
#1688=AXIS2_PLACEMENT_3D('',#2304,#1859,#1860);
#1689=AXIS2_PLACEMENT_3D('',#2306,#1861,#1862);
#1690=AXIS2_PLACEMENT_3D('',#2309,#1864,#1865);
#1691=AXIS2_PLACEMENT_3D('',#2310,#1866,#1867);
#1692=AXIS2_PLACEMENT_3D('',#2312,#1868,#1869);
#1693=AXIS2_PLACEMENT_3D('',#2315,#1871,#1872);
#1694=AXIS2_PLACEMENT_3D('',#2316,#1873,#1874);
#1695=AXIS2_PLACEMENT_3D('',#2318,#1875,#1876);
#1696=AXIS2_PLACEMENT_3D('',#2321,#1878,#1879);
#1697=AXIS2_PLACEMENT_3D('',#2322,#1880,#1881);
#1698=AXIS2_PLACEMENT_3D('',#2324,#1882,#1883);
#1699=AXIS2_PLACEMENT_3D('',#2327,#1885,#1886);
#1700=AXIS2_PLACEMENT_3D('',#2328,#1887,#1888);
#1701=AXIS2_PLACEMENT_3D('',#2330,#1889,#1890);
#1702=AXIS2_PLACEMENT_3D('',#2333,#1892,#1893);
#1703=AXIS2_PLACEMENT_3D('',#2334,#1894,#1895);
#1704=AXIS2_PLACEMENT_3D('',#2343,#1900,#1901);
#1705=AXIS2_PLACEMENT_3D('',#2352,#1906,#1907);
#1706=AXIS2_PLACEMENT_3D('',#2361,#1912,#1913);
#1707=AXIS2_PLACEMENT_3D('',#2370,#1918,#1919);
#1708=AXIS2_PLACEMENT_3D('',#2379,#1924,#1925);
#1709=AXIS2_PLACEMENT_3D('',#2388,#1930,#1931);
#1710=AXIS2_PLACEMENT_3D('',#2397,#1936,#1937);
#1711=AXIS2_PLACEMENT_3D('',#2406,#1942,#1943);
#1712=AXIS2_PLACEMENT_3D('',#2415,#1948,#1949);
#1713=AXIS2_PLACEMENT_3D('',#2424,#1954,#1955);
#1714=AXIS2_PLACEMENT_3D('',#2430,#1959,#1960);
#1715=AXIS2_PLACEMENT_3D('',#2439,#1965,#1966);
#1716=AXIS2_PLACEMENT_3D('',#2445,#1970,#1971);
#1717=AXIS2_PLACEMENT_3D('',#2451,#1975,#1976);
#1718=AXIS2_PLACEMENT_3D('',#2457,#1980,#1981);
#1719=AXIS2_PLACEMENT_3D('',#2463,#1985,#1986);
#1720=AXIS2_PLACEMENT_3D('',#2466,#1989,#1990);
#1721=AXIS2_PLACEMENT_3D('',#2475,#1995,#1996);
#1722=AXIS2_PLACEMENT_3D('',#2481,#2000,#2001);
#1723=AXIS2_PLACEMENT_3D('',#2487,#2005,#2006);
#1724=AXIS2_PLACEMENT_3D('',#2493,#2010,#2011);
#1725=AXIS2_PLACEMENT_3D('',#2496,#2014,#2015);
#1726=AXIS2_PLACEMENT_3D('',#2547,#2046,#2047);
#1727=AXIS2_PLACEMENT_3D('',#2598,#2078,#2079);
#1728=AXIS2_PLACEMENT_3D('',#2600,#2081,#2082);
#1729=AXIS2_PLACEMENT_3D('',#2602,#2084,#2085);
#1730=AXIS2_PLACEMENT_3D('',#2603,#2086,#2087);
#1731=AXIS2_PLACEMENT_3D('',#2605,#2089,#2090);
#1732=AXIS2_PLACEMENT_3D('',#2607,#2092,#2093);
#1733=AXIS2_PLACEMENT_3D('',#2608,#2094,#2095);
#1734=AXIS2_PLACEMENT_3D('',#2610,#2097,#2098);
#1735=AXIS2_PLACEMENT_3D('',#2612,#2100,#2101);
#1736=AXIS2_PLACEMENT_3D('',#2613,#2102,#2103);
#1737=AXIS2_PLACEMENT_3D('',#2615,#2105,#2106);
#1738=AXIS2_PLACEMENT_3D('',#2617,#2108,#2109);
#1739=AXIS2_PLACEMENT_3D('',#2618,#2110,#2111);
#1740=AXIS2_PLACEMENT_3D('',#2620,#2113,#2114);
#1741=AXIS2_PLACEMENT_3D('',#2622,#2116,#2117);
#1742=AXIS2_PLACEMENT_3D('',#2623,#2118,#2119);
#1743=AXIS2_PLACEMENT_3D('',#2625,#2121,#2122);
#1744=AXIS2_PLACEMENT_3D('',#2627,#2124,#2125);
#1745=AXIS2_PLACEMENT_3D('',#2628,#2126,#2127);
#1746=AXIS2_PLACEMENT_3D('',#2630,#2129,#2130);
#1747=AXIS2_PLACEMENT_3D('',#2632,#2132,#2133);
#1748=AXIS2_PLACEMENT_3D('',#2633,#2134,#2135);
#1749=AXIS2_PLACEMENT_3D('',#2635,#2137,#2138);
#1750=AXIS2_PLACEMENT_3D('',#2637,#2140,#2141);
#1751=AXIS2_PLACEMENT_3D('',#2638,#2142,#2143);
#1752=AXIS2_PLACEMENT_3D('',#2640,#2145,#2146);
#1753=AXIS2_PLACEMENT_3D('',#2642,#2148,#2149);
#1754=AXIS2_PLACEMENT_3D('',#2643,#2150,#2151);
#1755=AXIS2_PLACEMENT_3D('',#2645,#2153,#2154);
#1756=AXIS2_PLACEMENT_3D('',#2647,#2156,#2157);
#1757=AXIS2_PLACEMENT_3D('',#2648,#2158,#2159);
#1758=AXIS2_PLACEMENT_3D('',#2649,#2160,#2161);
#1759=AXIS2_PLACEMENT_3D('',#2652,#2162,#2163);
#1760=AXIS2_PLACEMENT_3D('',#2653,#2164,#2165);
#1761=AXIS2_PLACEMENT_3D('',#2656,#2167,#2168);
#1762=AXIS2_PLACEMENT_3D('',#2657,#2169,#2170);
#1763=AXIS2_PLACEMENT_3D('',#2659,#2171,#2172);
#1764=AXIS2_PLACEMENT_3D('',#2660,#2173,#2174);
#1765=AXIS2_PLACEMENT_3D('',#2661,#2175,#2176);
#1766=AXIS2_PLACEMENT_3D('',#2663,#2177,#2178);
#1767=AXIS2_PLACEMENT_3D('',#2666,#2180,#2181);
#1768=AXIS2_PLACEMENT_3D('',#2667,#2182,#2183);
#1769=AXIS2_PLACEMENT_3D('',#2669,#2184,#2185);
#1770=AXIS2_PLACEMENT_3D('',#2672,#2187,#2188);
#1771=AXIS2_PLACEMENT_3D('',#2673,#2189,#2190);
#1772=AXIS2_PLACEMENT_3D('',#2675,#2191,#2192);
#1773=AXIS2_PLACEMENT_3D('',#2678,#2194,#2195);
#1774=AXIS2_PLACEMENT_3D('',#2679,#2196,#2197);
#1775=AXIS2_PLACEMENT_3D('',#2682,#2199,#2200);
#1776=AXIS2_PLACEMENT_3D('',#2683,#2201,#2202);
#1777=AXIS2_PLACEMENT_3D('',#2686,#2204,#2205);
#1778=AXIS2_PLACEMENT_3D('',#2687,#2206,#2207);
#1779=AXIS2_PLACEMENT_3D('',#2689,#2208,#2209);
#1780=AXIS2_PLACEMENT_3D('',#2693,#2211,#2212);
#1781=AXIS2_PLACEMENT_3D('',#2694,#2213,#2214);
#1782=AXIS2_PLACEMENT_3D('',#2695,#2215,#2216);
#1783=AXIS2_PLACEMENT_3D('',#2697,#2217,#2218);
#1784=AXIS2_PLACEMENT_3D('',#2698,#2219,#2220);
#1785=AXIS2_PLACEMENT_3D('',#2700,#2221,#2222);
#1786=AXIS2_PLACEMENT_3D('',#2701,#2223,#2224);
#1787=AXIS2_PLACEMENT_3D('',#2702,#2225,#2226);
#1788=AXIS2_PLACEMENT_3D('',#2703,#2227,#2228);
#1789=AXIS2_PLACEMENT_3D('',#2704,#2229,#2230);
#1790=AXIS2_PLACEMENT_3D('',#2705,#2231,#2232);
#1791=AXIS2_PLACEMENT_3D('',#2706,#2233,#2234);
#1792=AXIS2_PLACEMENT_3D('',#2707,#2235,#2236);
#1793=AXIS2_PLACEMENT_3D('',#2708,#2237,#2238);
#1794=AXIS2_PLACEMENT_3D('',#2709,#2239,#2240);
#1795=AXIS2_PLACEMENT_3D('',#2710,#2241,#2242);
#1796=AXIS2_PLACEMENT_3D('',#2711,#2243,#2244);
#1797=AXIS2_PLACEMENT_3D('',#2712,#2245,#2246);
#1798=AXIS2_PLACEMENT_3D('',#2713,#2247,#2248);
#1799=AXIS2_PLACEMENT_3D('',#2714,#2249,#2250);
#1800=AXIS2_PLACEMENT_3D('',#2715,#2251,#2252);
#1801=AXIS2_PLACEMENT_3D('',#2716,#2253,#2254);
#1802=AXIS2_PLACEMENT_3D('',#2717,#2255,#2256);
#1803=AXIS2_PLACEMENT_3D('',#2718,#2257,#2258);
#1804=DIRECTION('axis',(0.,0.,1.));
#1805=DIRECTION('refdir',(1.,0.,0.));
#1806=DIRECTION('axis',(0.,0.,1.));
#1807=DIRECTION('refdir',(1.,0.,0.));
#1808=DIRECTION('axis',(0.,0.,1.));
#1809=DIRECTION('refdir',(1.,0.,0.));
#1810=DIRECTION('center_axis',(0.,1.,0.));
#1811=DIRECTION('ref_axis',(0.,0.,1.));
#1812=DIRECTION('center_axis',(0.,1.,0.));
#1813=DIRECTION('ref_axis',(0.,0.,1.));
#1814=DIRECTION('',(0.,1.,0.));
#1815=DIRECTION('center_axis',(0.,1.,0.));
#1816=DIRECTION('ref_axis',(0.,0.,1.));
#1817=DIRECTION('center_axis',(0.,1.,0.));
#1818=DIRECTION('ref_axis',(0.,0.,1.));
#1819=DIRECTION('center_axis',(0.,1.,0.));
#1820=DIRECTION('ref_axis',(0.,0.,1.));
#1821=DIRECTION('',(0.,1.,0.));
#1822=DIRECTION('center_axis',(0.,1.,0.));
#1823=DIRECTION('ref_axis',(0.,0.,1.));
#1824=DIRECTION('center_axis',(0.,1.,0.));
#1825=DIRECTION('ref_axis',(0.,0.,1.));
#1826=DIRECTION('center_axis',(0.,1.,0.));
#1827=DIRECTION('ref_axis',(0.,0.,1.));
#1828=DIRECTION('',(0.,1.,0.));
#1829=DIRECTION('center_axis',(0.,1.,0.));
#1830=DIRECTION('ref_axis',(0.,0.,1.));
#1831=DIRECTION('center_axis',(0.,1.,0.));
#1832=DIRECTION('ref_axis',(0.,0.,1.));
#1833=DIRECTION('center_axis',(0.,1.,0.));
#1834=DIRECTION('ref_axis',(0.,0.,1.));
#1835=DIRECTION('',(0.,1.,0.));
#1836=DIRECTION('center_axis',(0.,1.,0.));
#1837=DIRECTION('ref_axis',(0.,0.,1.));
#1838=DIRECTION('center_axis',(0.,1.,0.));
#1839=DIRECTION('ref_axis',(0.,0.,1.));
#1840=DIRECTION('center_axis',(0.,1.,0.));
#1841=DIRECTION('ref_axis',(0.,0.,1.));
#1842=DIRECTION('',(0.,1.,0.));
#1843=DIRECTION('center_axis',(0.,1.,0.));
#1844=DIRECTION('ref_axis',(0.,0.,1.));
#1845=DIRECTION('center_axis',(0.,1.,0.));
#1846=DIRECTION('ref_axis',(0.,0.,1.));
#1847=DIRECTION('center_axis',(0.,1.,0.));
#1848=DIRECTION('ref_axis',(0.,0.,1.));
#1849=DIRECTION('',(0.,1.,0.));
#1850=DIRECTION('center_axis',(0.,1.,0.));
#1851=DIRECTION('ref_axis',(0.,0.,1.));
#1852=DIRECTION('center_axis',(0.,1.,0.));
#1853=DIRECTION('ref_axis',(0.,0.,1.));
#1854=DIRECTION('center_axis',(0.,1.,0.));
#1855=DIRECTION('ref_axis',(0.,0.,1.));
#1856=DIRECTION('',(0.,1.,0.));
#1857=DIRECTION('center_axis',(0.,1.,0.));
#1858=DIRECTION('ref_axis',(0.,0.,1.));
#1859=DIRECTION('center_axis',(0.,1.,0.));
#1860=DIRECTION('ref_axis',(0.,0.,1.));
#1861=DIRECTION('center_axis',(0.,1.,0.));
#1862=DIRECTION('ref_axis',(0.,0.,1.));
#1863=DIRECTION('',(0.,1.,0.));
#1864=DIRECTION('center_axis',(0.,1.,0.));
#1865=DIRECTION('ref_axis',(0.,0.,1.));
#1866=DIRECTION('center_axis',(0.,1.,0.));
#1867=DIRECTION('ref_axis',(0.,0.,1.));
#1868=DIRECTION('center_axis',(0.,1.,0.));
#1869=DIRECTION('ref_axis',(0.,0.,1.));
#1870=DIRECTION('',(0.,1.,0.));
#1871=DIRECTION('center_axis',(0.,1.,0.));
#1872=DIRECTION('ref_axis',(0.,0.,1.));
#1873=DIRECTION('center_axis',(0.,1.,0.));
#1874=DIRECTION('ref_axis',(0.,0.,1.));
#1875=DIRECTION('center_axis',(0.,1.,0.));
#1876=DIRECTION('ref_axis',(0.,0.,1.));
#1877=DIRECTION('',(0.,1.,0.));
#1878=DIRECTION('center_axis',(0.,1.,0.));
#1879=DIRECTION('ref_axis',(0.,0.,1.));
#1880=DIRECTION('center_axis',(0.,1.,0.));
#1881=DIRECTION('ref_axis',(0.,0.,1.));
#1882=DIRECTION('center_axis',(0.,1.,0.));
#1883=DIRECTION('ref_axis',(0.,0.,1.));
#1884=DIRECTION('',(0.,1.,0.));
#1885=DIRECTION('center_axis',(0.,1.,0.));
#1886=DIRECTION('ref_axis',(0.,0.,1.));
#1887=DIRECTION('center_axis',(0.,1.,0.));
#1888=DIRECTION('ref_axis',(0.,0.,1.));
#1889=DIRECTION('center_axis',(0.,1.,0.));
#1890=DIRECTION('ref_axis',(0.,0.,1.));
#1891=DIRECTION('',(0.,1.,0.));
#1892=DIRECTION('center_axis',(0.,1.,0.));
#1893=DIRECTION('ref_axis',(0.,0.,1.));
#1894=DIRECTION('center_axis',(0.,0.,-1.));
#1895=DIRECTION('ref_axis',(-1.,0.,0.));
#1896=DIRECTION('',(0.,1.,0.));
#1897=DIRECTION('',(-1.,0.,0.));
#1898=DIRECTION('',(0.,1.,0.));
#1899=DIRECTION('',(-1.,0.,0.));
#1900=DIRECTION('center_axis',(0.,0.,1.));
#1901=DIRECTION('ref_axis',(1.,0.,0.));
#1902=DIRECTION('',(0.,1.,0.));
#1903=DIRECTION('',(1.,0.,0.));
#1904=DIRECTION('',(0.,1.,0.));
#1905=DIRECTION('',(1.,0.,0.));
#1906=DIRECTION('center_axis',(0.,0.,-1.));
#1907=DIRECTION('ref_axis',(-1.,0.,0.));
#1908=DIRECTION('',(0.,1.,0.));
#1909=DIRECTION('',(-1.,0.,0.));
#1910=DIRECTION('',(0.,1.,0.));
#1911=DIRECTION('',(-1.,0.,0.));
#1912=DIRECTION('center_axis',(0.,0.,1.));
#1913=DIRECTION('ref_axis',(1.,0.,0.));
#1914=DIRECTION('',(0.,1.,0.));
#1915=DIRECTION('',(1.,0.,0.));
#1916=DIRECTION('',(0.,1.,0.));
#1917=DIRECTION('',(1.,0.,0.));
#1918=DIRECTION('center_axis',(0.,0.,-1.));
#1919=DIRECTION('ref_axis',(-1.,0.,0.));
#1920=DIRECTION('',(0.,1.,0.));
#1921=DIRECTION('',(-1.,0.,0.));
#1922=DIRECTION('',(0.,1.,0.));
#1923=DIRECTION('',(-1.,0.,0.));
#1924=DIRECTION('center_axis',(0.,0.,1.));
#1925=DIRECTION('ref_axis',(1.,0.,0.));
#1926=DIRECTION('',(0.,1.,0.));
#1927=DIRECTION('',(1.,0.,0.));
#1928=DIRECTION('',(0.,1.,0.));
#1929=DIRECTION('',(1.,0.,0.));
#1930=DIRECTION('center_axis',(0.,0.,-1.));
#1931=DIRECTION('ref_axis',(-1.,0.,0.));
#1932=DIRECTION('',(0.,1.,0.));
#1933=DIRECTION('',(-1.,0.,0.));
#1934=DIRECTION('',(0.,1.,0.));
#1935=DIRECTION('',(-1.,0.,0.));
#1936=DIRECTION('center_axis',(0.,0.,1.));
#1937=DIRECTION('ref_axis',(1.,0.,0.));
#1938=DIRECTION('',(0.,1.,0.));
#1939=DIRECTION('',(1.,0.,0.));
#1940=DIRECTION('',(0.,1.,0.));
#1941=DIRECTION('',(1.,0.,0.));
#1942=DIRECTION('center_axis',(0.,0.,-1.));
#1943=DIRECTION('ref_axis',(-1.,0.,0.));
#1944=DIRECTION('',(0.,1.,0.));
#1945=DIRECTION('',(-1.,0.,0.));
#1946=DIRECTION('',(0.,1.,0.));
#1947=DIRECTION('',(-1.,0.,0.));
#1948=DIRECTION('center_axis',(0.,0.,1.));
#1949=DIRECTION('ref_axis',(1.,0.,0.));
#1950=DIRECTION('',(0.,1.,0.));
#1951=DIRECTION('',(1.,0.,0.));
#1952=DIRECTION('',(0.,1.,0.));
#1953=DIRECTION('',(1.,0.,0.));
#1954=DIRECTION('center_axis',(-0.93969262078591,0.,-0.342020143325665));
#1955=DIRECTION('ref_axis',(-0.342020143325665,0.,0.93969262078591));
#1956=DIRECTION('',(-0.342020143325665,0.,0.93969262078591));
#1957=DIRECTION('',(-0.342020143325665,0.,0.93969262078591));
#1958=DIRECTION('',(0.,1.,0.));
#1959=DIRECTION('center_axis',(0.,0.,-1.));
#1960=DIRECTION('ref_axis',(-1.,0.,0.));
#1961=DIRECTION('',(0.,1.,0.));
#1962=DIRECTION('',(-1.,0.,0.));
#1963=DIRECTION('',(0.,1.,0.));
#1964=DIRECTION('',(-1.,0.,0.));
#1965=DIRECTION('center_axis',(0.939692620785938,0.,-0.342020143325587));
#1966=DIRECTION('ref_axis',(-0.342020143325587,0.,-0.939692620785938));
#1967=DIRECTION('',(-0.342020143325587,0.,-0.939692620785938));
#1968=DIRECTION('',(0.,1.,0.));
#1969=DIRECTION('',(-0.342020143325587,0.,-0.939692620785938));
#1970=DIRECTION('center_axis',(0.,0.,-1.));
#1971=DIRECTION('ref_axis',(-1.,0.,0.));
#1972=DIRECTION('',(-1.,0.,0.));
#1973=DIRECTION('',(0.,1.,0.));
#1974=DIRECTION('',(-1.,0.,0.));
#1975=DIRECTION('center_axis',(1.,0.,0.));
#1976=DIRECTION('ref_axis',(0.,0.,-1.));
#1977=DIRECTION('',(0.,0.,-1.));
#1978=DIRECTION('',(0.,1.,0.));
#1979=DIRECTION('',(0.,0.,-1.));
#1980=DIRECTION('center_axis',(0.,0.,1.));
#1981=DIRECTION('ref_axis',(1.,0.,0.));
#1982=DIRECTION('',(1.,0.,0.));
#1983=DIRECTION('',(1.,0.,0.));
#1984=DIRECTION('',(0.,1.,0.));
#1985=DIRECTION('center_axis',(0.939692620785891,0.,0.342020143325718));
#1986=DIRECTION('ref_axis',(0.342020143325718,0.,-0.939692620785891));
#1987=DIRECTION('',(0.342020143325718,0.,-0.93969262078589));
#1988=DIRECTION('',(0.342020143325718,0.,-0.93969262078589));
#1989=DIRECTION('center_axis',(0.,0.,1.));
#1990=DIRECTION('ref_axis',(1.,0.,0.));
#1991=DIRECTION('',(0.,1.,0.));
#1992=DIRECTION('',(1.,0.,0.));
#1993=DIRECTION('',(0.,1.,0.));
#1994=DIRECTION('',(1.,0.,0.));
#1995=DIRECTION('center_axis',(-0.939692620785909,0.,0.342020143325666));
#1996=DIRECTION('ref_axis',(0.342020143325666,0.,0.939692620785909));
#1997=DIRECTION('',(0.342020143325666,0.,0.939692620785909));
#1998=DIRECTION('',(0.,1.,0.));
#1999=DIRECTION('',(0.342020143325666,0.,0.939692620785909));
#2000=DIRECTION('center_axis',(0.,0.,1.));
#2001=DIRECTION('ref_axis',(1.,0.,0.));
#2002=DIRECTION('',(1.,0.,0.));
#2003=DIRECTION('',(0.,1.,0.));
#2004=DIRECTION('',(1.,0.,0.));
#2005=DIRECTION('center_axis',(-1.,0.,-1.26662091694374E-17));
#2006=DIRECTION('ref_axis',(-1.26662091694374E-17,0.,1.));
#2007=DIRECTION('',(-1.26662091694374E-17,0.,1.));
#2008=DIRECTION('',(0.,1.,0.));
#2009=DIRECTION('',(-1.26662091694374E-17,0.,1.));
#2010=DIRECTION('center_axis',(0.,0.,-1.));
#2011=DIRECTION('ref_axis',(-1.,0.,0.));
#2012=DIRECTION('',(-1.,0.,0.));
#2013=DIRECTION('',(-1.,0.,0.));
#2014=DIRECTION('center_axis',(0.,1.,0.));
#2015=DIRECTION('ref_axis',(0.,0.,1.));
#2016=DIRECTION('',(0.342020143325666,0.,0.939692620785909));
#2017=DIRECTION('',(1.,0.,-5.42119382771921E-15));
#2018=DIRECTION('',(0.342020143325663,0.,-0.93969262078591));
#2019=DIRECTION('',(-0.342020143325669,0.,-0.939692620785908));
#2020=DIRECTION('',(-1.,0.,0.));
#2021=DIRECTION('',(-0.342020143325672,0.,0.939692620785907));
#2022=DIRECTION('',(-0.342020143325669,0.,-0.939692620785908));
#2023=DIRECTION('',(-1.,0.,0.));
#2024=DIRECTION('',(-0.342020143325672,0.,0.939692620785907));
#2025=DIRECTION('',(-0.342020143325669,0.,-0.939692620785908));
#2026=DIRECTION('',(-1.,0.,0.));
#2027=DIRECTION('',(-0.342020143325672,0.,0.939692620785907));
#2028=DIRECTION('',(-0.342020143325669,0.,-0.939692620785908));
#2029=DIRECTION('',(-1.,0.,0.));
#2030=DIRECTION('',(-0.342020143325672,0.,0.939692620785907));
#2031=DIRECTION('',(-0.342020143325669,0.,-0.939692620785908));
#2032=DIRECTION('',(-1.,0.,0.));
#2033=DIRECTION('',(-0.342020143325672,0.,0.939692620785907));
#2034=DIRECTION('',(0.342020143325666,0.,0.939692620785909));
#2035=DIRECTION('',(1.,0.,-5.42119382771921E-15));
#2036=DIRECTION('',(0.342020143325663,0.,-0.93969262078591));
#2037=DIRECTION('',(0.342020143325666,0.,0.939692620785909));
#2038=DIRECTION('',(1.,0.,-5.42119382771921E-15));
#2039=DIRECTION('',(0.342020143325663,0.,-0.93969262078591));
#2040=DIRECTION('',(0.342020143325666,0.,0.939692620785909));
#2041=DIRECTION('',(1.,0.,-5.42119382771921E-15));
#2042=DIRECTION('',(0.342020143325663,0.,-0.93969262078591));
#2043=DIRECTION('',(0.342020143325666,0.,0.939692620785909));
#2044=DIRECTION('',(1.,0.,-5.42119382771921E-15));
#2045=DIRECTION('',(0.342020143325663,0.,-0.93969262078591));
#2046=DIRECTION('center_axis',(0.,1.,0.));
#2047=DIRECTION('ref_axis',(0.,0.,1.));
#2048=DIRECTION('',(0.342020143325666,0.,0.939692620785909));
#2049=DIRECTION('',(0.342020143325663,0.,-0.93969262078591));
#2050=DIRECTION('',(1.,0.,-5.42119382771921E-15));
#2051=DIRECTION('',(0.342020143325666,0.,0.939692620785909));
#2052=DIRECTION('',(0.342020143325663,0.,-0.93969262078591));
#2053=DIRECTION('',(1.,0.,-5.42119382771921E-15));
#2054=DIRECTION('',(0.342020143325666,0.,0.939692620785909));
#2055=DIRECTION('',(0.342020143325663,0.,-0.93969262078591));
#2056=DIRECTION('',(1.,0.,-5.42119382771921E-15));
#2057=DIRECTION('',(0.342020143325666,0.,0.939692620785909));
#2058=DIRECTION('',(0.342020143325663,0.,-0.93969262078591));
#2059=DIRECTION('',(1.,0.,-5.42119382771921E-15));
#2060=DIRECTION('',(0.342020143325666,0.,0.939692620785909));
#2061=DIRECTION('',(-0.342020143325672,0.,0.939692620785907));
#2062=DIRECTION('',(-1.,0.,0.));
#2063=DIRECTION('',(-0.342020143325669,0.,-0.939692620785908));
#2064=DIRECTION('',(-0.342020143325672,0.,0.939692620785907));
#2065=DIRECTION('',(-1.,0.,0.));
#2066=DIRECTION('',(-0.342020143325669,0.,-0.939692620785908));
#2067=DIRECTION('',(-0.342020143325672,0.,0.939692620785907));
#2068=DIRECTION('',(-1.,0.,0.));
#2069=DIRECTION('',(-0.342020143325669,0.,-0.939692620785908));
#2070=DIRECTION('',(-0.342020143325672,0.,0.939692620785907));
#2071=DIRECTION('',(-1.,0.,0.));
#2072=DIRECTION('',(-0.342020143325669,0.,-0.939692620785908));
#2073=DIRECTION('',(-0.342020143325672,0.,0.939692620785907));
#2074=DIRECTION('',(-1.,0.,0.));
#2075=DIRECTION('',(-0.342020143325669,0.,-0.939692620785908));
#2076=DIRECTION('',(0.342020143325663,0.,-0.93969262078591));
#2077=DIRECTION('',(1.,0.,-5.42119382771921E-15));
#2078=DIRECTION('center_axis',(0.939692620785908,0.,-0.342020143325669));
#2079=DIRECTION('ref_axis',(-0.342020143325669,0.,-0.939692620785908));
#2080=DIRECTION('',(0.,1.,0.));
#2081=DIRECTION('center_axis',(-0.939692620785907,0.,-0.342020143325672));
#2082=DIRECTION('ref_axis',(-0.342020143325672,0.,0.939692620785907));
#2083=DIRECTION('',(0.,1.,0.));
#2084=DIRECTION('center_axis',(0.,0.,-1.));
#2085=DIRECTION('ref_axis',(-1.,0.,0.));
#2086=DIRECTION('center_axis',(-0.939692620785909,0.,0.342020143325667));
#2087=DIRECTION('ref_axis',(0.342020143325667,0.,0.939692620785909));
#2088=DIRECTION('',(0.,1.,0.));
#2089=DIRECTION('center_axis',(0.93969262078591,0.,0.342020143325663));
#2090=DIRECTION('ref_axis',(0.342020143325663,0.,-0.93969262078591));
#2091=DIRECTION('',(0.,1.,0.));
#2092=DIRECTION('center_axis',(5.42119382771921E-15,0.,1.));
#2093=DIRECTION('ref_axis',(1.,0.,-5.42119382771921E-15));
#2094=DIRECTION('center_axis',(0.939692620785908,0.,-0.342020143325669));
#2095=DIRECTION('ref_axis',(-0.342020143325669,0.,-0.939692620785908));
#2096=DIRECTION('',(0.,1.,0.));
#2097=DIRECTION('center_axis',(-0.939692620785907,0.,-0.342020143325672));
#2098=DIRECTION('ref_axis',(-0.342020143325672,0.,0.939692620785907));
#2099=DIRECTION('',(0.,1.,0.));
#2100=DIRECTION('center_axis',(0.,0.,-1.));
#2101=DIRECTION('ref_axis',(-1.,0.,0.));
#2102=DIRECTION('center_axis',(-0.939692620785909,0.,0.342020143325667));
#2103=DIRECTION('ref_axis',(0.342020143325667,0.,0.939692620785909));
#2104=DIRECTION('',(0.,1.,0.));
#2105=DIRECTION('center_axis',(0.93969262078591,0.,0.342020143325663));
#2106=DIRECTION('ref_axis',(0.342020143325663,0.,-0.93969262078591));
#2107=DIRECTION('',(0.,1.,0.));
#2108=DIRECTION('center_axis',(5.42119382771921E-15,0.,1.));
#2109=DIRECTION('ref_axis',(1.,0.,-5.42119382771921E-15));
#2110=DIRECTION('center_axis',(0.939692620785908,0.,-0.342020143325669));
#2111=DIRECTION('ref_axis',(-0.342020143325669,0.,-0.939692620785908));
#2112=DIRECTION('',(0.,1.,0.));
#2113=DIRECTION('center_axis',(-0.939692620785907,0.,-0.342020143325672));
#2114=DIRECTION('ref_axis',(-0.342020143325672,0.,0.939692620785907));
#2115=DIRECTION('',(0.,1.,0.));
#2116=DIRECTION('center_axis',(0.,0.,-1.));
#2117=DIRECTION('ref_axis',(-1.,0.,0.));
#2118=DIRECTION('center_axis',(-0.939692620785909,0.,0.342020143325667));
#2119=DIRECTION('ref_axis',(0.342020143325667,0.,0.939692620785909));
#2120=DIRECTION('',(0.,1.,0.));
#2121=DIRECTION('center_axis',(0.93969262078591,0.,0.342020143325663));
#2122=DIRECTION('ref_axis',(0.342020143325663,0.,-0.93969262078591));
#2123=DIRECTION('',(0.,1.,0.));
#2124=DIRECTION('center_axis',(5.42119382771921E-15,0.,1.));
#2125=DIRECTION('ref_axis',(1.,0.,-5.42119382771921E-15));
#2126=DIRECTION('center_axis',(0.939692620785908,0.,-0.342020143325669));
#2127=DIRECTION('ref_axis',(-0.342020143325669,0.,-0.939692620785908));
#2128=DIRECTION('',(0.,1.,0.));
#2129=DIRECTION('center_axis',(-0.939692620785907,0.,-0.342020143325672));
#2130=DIRECTION('ref_axis',(-0.342020143325672,0.,0.939692620785907));
#2131=DIRECTION('',(0.,1.,0.));
#2132=DIRECTION('center_axis',(0.,0.,-1.));
#2133=DIRECTION('ref_axis',(-1.,0.,0.));
#2134=DIRECTION('center_axis',(-0.939692620785909,0.,0.342020143325667));
#2135=DIRECTION('ref_axis',(0.342020143325667,0.,0.939692620785909));
#2136=DIRECTION('',(0.,1.,0.));
#2137=DIRECTION('center_axis',(0.93969262078591,0.,0.342020143325663));
#2138=DIRECTION('ref_axis',(0.342020143325663,0.,-0.93969262078591));
#2139=DIRECTION('',(0.,1.,0.));
#2140=DIRECTION('center_axis',(5.42119382771921E-15,0.,1.));
#2141=DIRECTION('ref_axis',(1.,0.,-5.42119382771921E-15));
#2142=DIRECTION('center_axis',(0.939692620785908,0.,-0.342020143325669));
#2143=DIRECTION('ref_axis',(-0.342020143325669,0.,-0.939692620785908));
#2144=DIRECTION('',(0.,1.,0.));
#2145=DIRECTION('center_axis',(-0.939692620785907,0.,-0.342020143325672));
#2146=DIRECTION('ref_axis',(-0.342020143325672,0.,0.939692620785907));
#2147=DIRECTION('',(0.,1.,0.));
#2148=DIRECTION('center_axis',(0.,0.,-1.));
#2149=DIRECTION('ref_axis',(-1.,0.,0.));
#2150=DIRECTION('center_axis',(-0.939692620785909,0.,0.342020143325667));
#2151=DIRECTION('ref_axis',(0.342020143325667,0.,0.939692620785909));
#2152=DIRECTION('',(0.,1.,0.));
#2153=DIRECTION('center_axis',(0.93969262078591,0.,0.342020143325663));
#2154=DIRECTION('ref_axis',(0.342020143325663,0.,-0.93969262078591));
#2155=DIRECTION('',(0.,1.,0.));
#2156=DIRECTION('center_axis',(5.42119382771921E-15,0.,1.));
#2157=DIRECTION('ref_axis',(1.,0.,-5.42119382771921E-15));
#2158=DIRECTION('axis',(0.,0.,1.));
#2159=DIRECTION('refdir',(1.,0.,0.));
#2160=DIRECTION('center_axis',(-1.,0.,0.));
#2161=DIRECTION('ref_axis',(0.,0.,1.));
#2162=DIRECTION('center_axis',(-1.,0.,0.));
#2163=DIRECTION('ref_axis',(0.,0.,1.));
#2164=DIRECTION('center_axis',(-1.,0.,0.));
#2165=DIRECTION('ref_axis',(0.,0.,1.));
#2166=DIRECTION('',(1.,0.,0.));
#2167=DIRECTION('center_axis',(-1.,0.,0.));
#2168=DIRECTION('ref_axis',(0.,0.,1.));
#2169=DIRECTION('center_axis',(-1.,0.,0.));
#2170=DIRECTION('ref_axis',(0.,0.,1.));
#2171=DIRECTION('center_axis',(0.,1.,-1.22464679914735E-16));
#2172=DIRECTION('ref_axis',(0.,-1.22464679914735E-16,-1.));
#2173=DIRECTION('center_axis',(-1.,0.,0.));
#2174=DIRECTION('ref_axis',(0.,0.,1.));
#2175=DIRECTION('center_axis',(-1.,0.,0.));
#2176=DIRECTION('ref_axis',(0.,0.,1.));
#2177=DIRECTION('center_axis',(-1.,0.,0.));
#2178=DIRECTION('ref_axis',(0.,0.,1.));
#2179=DIRECTION('',(1.,0.,0.));
#2180=DIRECTION('center_axis',(-1.,0.,0.));
#2181=DIRECTION('ref_axis',(0.,0.,1.));
#2182=DIRECTION('center_axis',(-1.,0.,0.));
#2183=DIRECTION('ref_axis',(0.,0.,1.));
#2184=DIRECTION('center_axis',(-1.,0.,0.));
#2185=DIRECTION('ref_axis',(0.,0.,1.));
#2186=DIRECTION('',(1.,0.,0.));
#2187=DIRECTION('center_axis',(-1.,0.,0.));
#2188=DIRECTION('ref_axis',(0.,0.,1.));
#2189=DIRECTION('center_axis',(-1.,0.,0.));
#2190=DIRECTION('ref_axis',(0.,0.,1.));
#2191=DIRECTION('center_axis',(-1.,0.,0.));
#2192=DIRECTION('ref_axis',(0.,0.,1.));
#2193=DIRECTION('',(0.96592582628901,3.16961915143444E-17,0.25881904510274));
#2194=DIRECTION('center_axis',(-1.,0.,0.));
#2195=DIRECTION('ref_axis',(0.,0.,1.));
#2196=DIRECTION('center_axis',(-1.,0.,0.));
#2197=DIRECTION('ref_axis',(0.,0.,1.));
#2198=DIRECTION('',(1.,0.,0.));
#2199=DIRECTION('center_axis',(-1.,0.,0.));
#2200=DIRECTION('ref_axis',(0.,0.,1.));
#2201=DIRECTION('center_axis',(-1.,0.,0.));
#2202=DIRECTION('ref_axis',(0.,0.,1.));
#2203=DIRECTION('',(0.866025403784438,6.12323399573678E-17,0.500000000000001));
#2204=DIRECTION('center_axis',(-1.,0.,0.));
#2205=DIRECTION('ref_axis',(0.,0.,1.));
#2206=DIRECTION('center_axis',(-1.,0.,0.));
#2207=DIRECTION('ref_axis',(0.,0.,1.));
#2208=DIRECTION('center_axis',(-1.,0.,0.));
#2209=DIRECTION('ref_axis',(0.,0.,1.));
#2210=DIRECTION('',(1.,0.,0.));
#2211=DIRECTION('center_axis',(-1.,0.,0.));
#2212=DIRECTION('ref_axis',(0.,0.,1.));
#2213=DIRECTION('center_axis',(-1.,0.,0.));
#2214=DIRECTION('ref_axis',(0.,0.,1.));
#2215=DIRECTION('center_axis',(1.,-1.22464679914735E-16,0.));
#2216=DIRECTION('ref_axis',(0.,-1.,0.));
#2217=DIRECTION('center_axis',(-7.49879891330928E-33,-1.22464679914735E-16,
1.));
#2218=DIRECTION('ref_axis',(0.,1.,1.22464679914735E-16));
#2219=DIRECTION('center_axis',(1.,-1.22464679914735E-16,0.));
#2220=DIRECTION('ref_axis',(0.,-1.,0.));
#2221=DIRECTION('center_axis',(-7.49879891330928E-33,-1.22464679914735E-16,
1.));
#2222=DIRECTION('ref_axis',(0.,1.,1.22464679914735E-16));
#2223=DIRECTION('center_axis',(-1.,0.,0.));
#2224=DIRECTION('ref_axis',(0.,0.,1.));
#2225=DIRECTION('center_axis',(1.,0.,0.));
#2226=DIRECTION('ref_axis',(0.,0.,-1.));
#2227=DIRECTION('center_axis',(-1.,0.,0.));
#2228=DIRECTION('ref_axis',(0.,0.,1.));
#2229=DIRECTION('center_axis',(1.,0.,0.));
#2230=DIRECTION('ref_axis',(0.,0.,-1.));
#2231=DIRECTION('',(4.93038065763132E-32,-4.37905770101505E-47,1.));
#2232=DIRECTION('',(1.,0.,-4.93038065763133E-32));
#2233=DIRECTION('',(4.93038065763132E-32,-4.37905770101505E-47,1.));
#2234=DIRECTION('',(1.22464679914735E-16,1.,4.37905770101505E-47));
#2235=DIRECTION('',(4.93038065763132E-32,-4.37905770101505E-47,1.));
#2236=DIRECTION('',(1.22464679914735E-16,1.,4.37905770101505E-47));
#2237=DIRECTION('',(4.93038065763132E-32,-4.37905770101505E-47,1.));
#2238=DIRECTION('',(1.22464679914735E-16,1.,4.37905770101505E-47));
#2239=DIRECTION('',(4.93038065763132E-32,-4.37905770101505E-47,1.));
#2240=DIRECTION('',(1.22464679914735E-16,1.,4.37905770101505E-47));
#2241=DIRECTION('',(4.93038065763132E-32,-4.37905770101505E-47,1.));
#2242=DIRECTION('',(1.22464679914735E-16,1.,4.37905770101505E-47));
#2243=DIRECTION('',(4.93038065763132E-32,-4.37905770101505E-47,1.));
#2244=DIRECTION('',(1.22464679914735E-16,1.,4.37905770101505E-47));
#2245=DIRECTION('',(4.93038065763132E-32,-4.37905770101505E-47,1.));
#2246=DIRECTION('',(1.22464679914735E-16,1.,4.37905770101505E-47));
#2247=DIRECTION('',(4.93038065763132E-32,-4.37905770101505E-47,1.));
#2248=DIRECTION('',(1.22464679914735E-16,1.,4.37905770101505E-47));
#2249=DIRECTION('',(4.93038065763132E-32,-4.37905770101505E-47,1.));
#2250=DIRECTION('',(1.22464679914735E-16,1.,4.37905770101505E-47));
#2251=DIRECTION('',(4.93038065763132E-32,-4.37905770101505E-47,1.));
#2252=DIRECTION('',(1.22464679914735E-16,1.,4.37905770101505E-47));
#2253=DIRECTION('',(4.93038065763132E-32,-4.37905770101505E-47,1.));
#2254=DIRECTION('',(1.22464679914735E-16,1.,4.37905770101505E-47));
#2255=DIRECTION('',(4.93038065763132E-32,-4.37905770101505E-47,1.));
#2256=DIRECTION('',(1.22464679914735E-16,1.,4.37905770101505E-47));
#2257=DIRECTION('',(-1.,2.63677968348475E-16,3.57452597678271E-31));
#2258=DIRECTION('',(-2.63677968348475E-16,-1.,-2.22044604925031E-16));
#2259=CARTESIAN_POINT('',(0.,0.,0.));
#2260=CARTESIAN_POINT('',(0.,0.,0.));
#2261=CARTESIAN_POINT('',(0.,0.,0.));
#2262=CARTESIAN_POINT('Origin',(0.537967468810307,0.,-0.15));
#2263=CARTESIAN_POINT('',(0.537967468810307,-0.071,-0.181550000000001));
#2264=CARTESIAN_POINT('Origin',(0.537967468810307,-0.071,-0.15));
#2265=CARTESIAN_POINT('',(0.537967468810307,-3.67394039744206E-19,-0.181550000000001));
#2266=CARTESIAN_POINT('',(0.537967468810307,0.,-0.18155));
#2267=CARTESIAN_POINT('Origin',(0.537967468810307,-3.67394039744206E-19,
-0.15));
#2268=CARTESIAN_POINT('Origin',(0.437967468810307,0.,-0.15));
#2269=CARTESIAN_POINT('',(0.437967468810307,-0.071,-0.181550000000001));
#2270=CARTESIAN_POINT('Origin',(0.437967468810307,-0.071,-0.15));
#2271=CARTESIAN_POINT('',(0.437967468810307,-3.67394039744206E-19,-0.181550000000001));
#2272=CARTESIAN_POINT('',(0.437967468810307,0.,-0.18155));
#2273=CARTESIAN_POINT('Origin',(0.437967468810307,-3.67394039744206E-19,
-0.15));
#2274=CARTESIAN_POINT('Origin',(0.337967468810307,0.,-0.15));
#2275=CARTESIAN_POINT('',(0.337967468810307,-0.071,-0.181550000000001));
#2276=CARTESIAN_POINT('Origin',(0.337967468810307,-0.071,-0.15));
#2277=CARTESIAN_POINT('',(0.337967468810307,-3.67394039744206E-19,-0.181550000000001));
#2278=CARTESIAN_POINT('',(0.337967468810307,0.,-0.18155));
#2279=CARTESIAN_POINT('Origin',(0.337967468810307,-3.67394039744206E-19,
-0.15));
#2280=CARTESIAN_POINT('Origin',(0.237967468810307,0.,-0.15));
#2281=CARTESIAN_POINT('',(0.237967468810307,-0.071,-0.181550000000001));
#2282=CARTESIAN_POINT('Origin',(0.237967468810307,-0.071,-0.15));
#2283=CARTESIAN_POINT('',(0.237967468810307,-3.67394039744206E-19,-0.181550000000001));
#2284=CARTESIAN_POINT('',(0.237967468810307,0.,-0.18155));
#2285=CARTESIAN_POINT('Origin',(0.237967468810307,-3.67394039744206E-19,
-0.15));
#2286=CARTESIAN_POINT('Origin',(0.137967468810307,0.,-0.15));
#2287=CARTESIAN_POINT('',(0.137967468810307,-0.071,-0.181550000000001));
#2288=CARTESIAN_POINT('Origin',(0.137967468810307,-0.071,-0.15));
#2289=CARTESIAN_POINT('',(0.137967468810307,-3.67394039744206E-19,-0.181550000000001));
#2290=CARTESIAN_POINT('',(0.137967468810307,0.,-0.18155));
#2291=CARTESIAN_POINT('Origin',(0.137967468810307,-3.67394039744206E-19,
-0.15));
#2292=CARTESIAN_POINT('Origin',(0.0379674688103072,0.,-0.15));
#2293=CARTESIAN_POINT('',(0.0379674688103072,-0.071,-0.181550000000001));
#2294=CARTESIAN_POINT('Origin',(0.0379674688103072,-0.071,-0.15));
#2295=CARTESIAN_POINT('',(0.0379674688103072,-3.67394039744206E-19,-0.181550000000001));
#2296=CARTESIAN_POINT('',(0.0379674688103072,0.,-0.18155));
#2297=CARTESIAN_POINT('Origin',(0.0379674688103072,-3.67394039744206E-19,
-0.15));
#2298=CARTESIAN_POINT('Origin',(0.537967468810307,0.,-0.05));
#2299=CARTESIAN_POINT('',(0.537967468810307,-0.071,-0.0815500000000005));
#2300=CARTESIAN_POINT('Origin',(0.537967468810307,-0.071,-0.05));
#2301=CARTESIAN_POINT('',(0.537967468810307,-3.67394039744206E-19,-0.0815500000000005));
#2302=CARTESIAN_POINT('',(0.537967468810307,0.,-0.0815500000000005));
#2303=CARTESIAN_POINT('Origin',(0.537967468810307,-3.67394039744206E-19,
-0.05));
#2304=CARTESIAN_POINT('Origin',(0.437967468810307,0.,-0.05));
#2305=CARTESIAN_POINT('',(0.437967468810307,-0.071,-0.0815500000000005));
#2306=CARTESIAN_POINT('Origin',(0.437967468810307,-0.071,-0.05));
#2307=CARTESIAN_POINT('',(0.437967468810307,-3.67394039744206E-19,-0.0815500000000005));
#2308=CARTESIAN_POINT('',(0.437967468810307,0.,-0.0815500000000005));
#2309=CARTESIAN_POINT('Origin',(0.437967468810307,-3.67394039744206E-19,
-0.05));
#2310=CARTESIAN_POINT('Origin',(0.337967468810307,0.,-0.05));
#2311=CARTESIAN_POINT('',(0.337967468810307,-0.071,-0.0815500000000005));
#2312=CARTESIAN_POINT('Origin',(0.337967468810307,-0.071,-0.05));
#2313=CARTESIAN_POINT('',(0.337967468810307,-3.67394039744206E-19,-0.0815500000000005));
#2314=CARTESIAN_POINT('',(0.337967468810307,0.,-0.0815500000000005));
#2315=CARTESIAN_POINT('Origin',(0.337967468810307,-3.67394039744206E-19,
-0.05));
#2316=CARTESIAN_POINT('Origin',(0.237967468810307,0.,-0.05));
#2317=CARTESIAN_POINT('',(0.237967468810307,-0.071,-0.0815500000000005));
#2318=CARTESIAN_POINT('Origin',(0.237967468810307,-0.071,-0.05));
#2319=CARTESIAN_POINT('',(0.237967468810307,-3.67394039744206E-19,-0.0815500000000005));
#2320=CARTESIAN_POINT('',(0.237967468810307,0.,-0.0815500000000005));
#2321=CARTESIAN_POINT('Origin',(0.237967468810307,-3.67394039744206E-19,
-0.05));
#2322=CARTESIAN_POINT('Origin',(0.137967468810307,0.,-0.05));
#2323=CARTESIAN_POINT('',(0.137967468810307,-0.071,-0.0815500000000005));
#2324=CARTESIAN_POINT('Origin',(0.137967468810307,-0.071,-0.05));
#2325=CARTESIAN_POINT('',(0.137967468810307,-3.67394039744206E-19,-0.0815500000000005));
#2326=CARTESIAN_POINT('',(0.137967468810307,0.,-0.0815500000000005));
#2327=CARTESIAN_POINT('Origin',(0.137967468810307,-3.67394039744206E-19,
-0.05));
#2328=CARTESIAN_POINT('Origin',(0.0379674688103072,0.,-0.05));
#2329=CARTESIAN_POINT('',(0.0379674688103072,-0.071,-0.0815500000000005));
#2330=CARTESIAN_POINT('Origin',(0.0379674688103072,-0.071,-0.05));
#2331=CARTESIAN_POINT('',(0.0379674688103072,-3.67394039744206E-19,-0.0815500000000005));
#2332=CARTESIAN_POINT('',(0.0379674688103072,0.,-0.0815500000000005));
#2333=CARTESIAN_POINT('Origin',(0.0379674688103072,-3.67394039744206E-19,
-0.05));
#2334=CARTESIAN_POINT('Origin',(0.575934937620616,-0.071,-0.2));
#2335=CARTESIAN_POINT('',(0.475935937620615,-0.071,-0.2));
#2336=CARTESIAN_POINT('',(0.475935937620615,0.,-0.2));
#2337=CARTESIAN_POINT('',(0.475935937620615,-0.071,-0.2));
#2338=CARTESIAN_POINT('',(0.399999,-0.071,-0.2));
#2339=CARTESIAN_POINT('',(0.575934937620616,-0.071,-0.2));
#2340=CARTESIAN_POINT('',(0.399999,0.,-0.2));
#2341=CARTESIAN_POINT('',(0.399999,-0.071,-0.2));
#2342=CARTESIAN_POINT('',(0.575934937620616,0.,-0.2));
#2343=CARTESIAN_POINT('Origin',(0.,-0.071,0.));
#2344=CARTESIAN_POINT('',(0.499999,-0.071,0.));
#2345=CARTESIAN_POINT('',(0.499999,0.,0.));
#2346=CARTESIAN_POINT('',(0.499999,-0.071,0.));
#2347=CARTESIAN_POINT('',(0.575934937620614,-0.071,0.));
#2348=CARTESIAN_POINT('',(0.,-0.071,0.));
#2349=CARTESIAN_POINT('',(0.575934937620614,0.,0.));
#2350=CARTESIAN_POINT('',(0.575934937620614,-0.071,0.));
#2351=CARTESIAN_POINT('',(0.,0.,0.));
#2352=CARTESIAN_POINT('Origin',(0.575934937620616,-0.071,-0.2));
#2353=CARTESIAN_POINT('',(0.375935937620615,-0.071,-0.2));
#2354=CARTESIAN_POINT('',(0.375935937620615,0.,-0.2));
#2355=CARTESIAN_POINT('',(0.375935937620615,-0.071,-0.2));
#2356=CARTESIAN_POINT('',(0.299999,-0.071,-0.2));
#2357=CARTESIAN_POINT('',(0.575934937620616,-0.071,-0.2));
#2358=CARTESIAN_POINT('',(0.299999,0.,-0.2));
#2359=CARTESIAN_POINT('',(0.299999,-0.071,-0.2));
#2360=CARTESIAN_POINT('',(0.575934937620616,0.,-0.2));
#2361=CARTESIAN_POINT('Origin',(0.,-0.071,0.));
#2362=CARTESIAN_POINT('',(0.475935937620615,-0.071,-9.47800169481907E-34));
#2363=CARTESIAN_POINT('',(0.475935937620615,0.,-9.47800169481907E-34));
#2364=CARTESIAN_POINT('',(0.475935937620615,-0.071,-9.47800169481907E-34));
#2365=CARTESIAN_POINT('',(0.399999,0.,0.));
#2366=CARTESIAN_POINT('',(0.,0.,0.));
#2367=CARTESIAN_POINT('',(0.399999,-0.071,0.));
#2368=CARTESIAN_POINT('',(0.399999,-0.071,0.));
#2369=CARTESIAN_POINT('',(0.,-0.071,0.));
#2370=CARTESIAN_POINT('Origin',(0.575934937620616,-0.071,-0.2));
#2371=CARTESIAN_POINT('',(0.275935937620615,-0.071,-0.2));
#2372=CARTESIAN_POINT('',(0.275935937620615,0.,-0.2));
#2373=CARTESIAN_POINT('',(0.275935937620615,-0.071,-0.2));
#2374=CARTESIAN_POINT('',(0.199999,-0.071,-0.2));
#2375=CARTESIAN_POINT('',(0.575934937620616,-0.071,-0.2));
#2376=CARTESIAN_POINT('',(0.199999,0.,-0.2));
#2377=CARTESIAN_POINT('',(0.199999,-0.071,-0.2));
#2378=CARTESIAN_POINT('',(0.575934937620616,0.,-0.2));
#2379=CARTESIAN_POINT('Origin',(0.,-0.071,0.));
#2380=CARTESIAN_POINT('',(0.375935937620615,-0.071,-9.47800169481907E-34));
#2381=CARTESIAN_POINT('',(0.375935937620615,0.,-9.47800169481907E-34));
#2382=CARTESIAN_POINT('',(0.375935937620615,-0.071,-9.47800169481907E-34));
#2383=CARTESIAN_POINT('',(0.299999,0.,0.));
#2384=CARTESIAN_POINT('',(0.,0.,0.));
#2385=CARTESIAN_POINT('',(0.299999,-0.071,0.));
#2386=CARTESIAN_POINT('',(0.299999,-0.071,0.));
#2387=CARTESIAN_POINT('',(0.,-0.071,0.));
#2388=CARTESIAN_POINT('Origin',(0.575934937620616,-0.071,-0.2));
#2389=CARTESIAN_POINT('',(0.175935937620615,-0.071,-0.2));
#2390=CARTESIAN_POINT('',(0.175935937620615,0.,-0.2));
#2391=CARTESIAN_POINT('',(0.175935937620615,-0.071,-0.2));
#2392=CARTESIAN_POINT('',(0.0999990000000001,-0.071,-0.2));
#2393=CARTESIAN_POINT('',(0.575934937620616,-0.071,-0.2));
#2394=CARTESIAN_POINT('',(0.0999990000000001,0.,-0.2));
#2395=CARTESIAN_POINT('',(0.0999990000000001,-0.071,-0.2));
#2396=CARTESIAN_POINT('',(0.575934937620616,0.,-0.2));
#2397=CARTESIAN_POINT('Origin',(0.,-0.071,0.));
#2398=CARTESIAN_POINT('',(0.275935937620615,-0.071,-9.47800169481907E-34));
#2399=CARTESIAN_POINT('',(0.275935937620615,0.,-9.47800169481907E-34));
#2400=CARTESIAN_POINT('',(0.275935937620615,-0.071,-9.47800169481907E-34));
#2401=CARTESIAN_POINT('',(0.199999,0.,0.));
#2402=CARTESIAN_POINT('',(0.,0.,0.));
#2403=CARTESIAN_POINT('',(0.199999,-0.071,0.));
#2404=CARTESIAN_POINT('',(0.199999,-0.071,0.));
#2405=CARTESIAN_POINT('',(0.,-0.071,0.));
#2406=CARTESIAN_POINT('Origin',(0.575934937620616,-0.071,-0.2));
#2407=CARTESIAN_POINT('',(0.0759359376206146,-0.071,-0.2));
#2408=CARTESIAN_POINT('',(0.0759359376206146,0.,-0.2));
#2409=CARTESIAN_POINT('',(0.0759359376206146,-0.071,-0.2));
#2410=CARTESIAN_POINT('',(2.23955320176512E-16,-0.071,-0.2));
#2411=CARTESIAN_POINT('',(0.575934937620616,-0.071,-0.2));
#2412=CARTESIAN_POINT('',(2.23955320176512E-16,0.,-0.2));
#2413=CARTESIAN_POINT('',(2.23955320176512E-16,-0.071,-0.2));
#2414=CARTESIAN_POINT('',(0.575934937620616,0.,-0.2));
#2415=CARTESIAN_POINT('Origin',(0.,-0.071,0.));
#2416=CARTESIAN_POINT('',(0.175935937620615,-0.071,-9.47800169481907E-34));
#2417=CARTESIAN_POINT('',(0.175935937620615,0.,-9.47800169481907E-34));
#2418=CARTESIAN_POINT('',(0.175935937620615,-0.071,-9.47800169481907E-34));
#2419=CARTESIAN_POINT('',(0.0999990000000001,0.,0.));
#2420=CARTESIAN_POINT('',(0.,0.,0.));
#2421=CARTESIAN_POINT('',(0.0999990000000001,-0.071,0.));
#2422=CARTESIAN_POINT('',(0.0999990000000001,-0.071,0.));
#2423=CARTESIAN_POINT('',(0.,-0.071,0.));
#2424=CARTESIAN_POINT('Origin',(2.23955320176512E-16,-0.071,-0.2));
#2425=CARTESIAN_POINT('',(-0.00573253118969239,0.,-0.18425));
#2426=CARTESIAN_POINT('',(2.23955320176512E-16,0.,-0.2));
#2427=CARTESIAN_POINT('',(-0.00573253118969239,-0.071,-0.18425));
#2428=CARTESIAN_POINT('',(2.23955320176512E-16,-0.071,-0.2));
#2429=CARTESIAN_POINT('',(-0.00573253118969239,-0.071,-0.18425));
#2430=CARTESIAN_POINT('Origin',(0.575934937620616,-0.071,-0.2));
#2431=CARTESIAN_POINT('',(0.499999,-0.071,-0.2));
#2432=CARTESIAN_POINT('',(0.499999,0.,-0.2));
#2433=CARTESIAN_POINT('',(0.499999,-0.071,-0.2));
#2434=CARTESIAN_POINT('',(0.575934937620616,0.,-0.2));
#2435=CARTESIAN_POINT('',(0.575934937620616,0.,-0.2));
#2436=CARTESIAN_POINT('',(0.575934937620616,-0.071,-0.2));
#2437=CARTESIAN_POINT('',(0.575934937620616,-0.071,-0.2));
#2438=CARTESIAN_POINT('',(0.575934937620616,-0.071,-0.2));
#2439=CARTESIAN_POINT('Origin',(0.575934937620616,-0.071,-0.2));
#2440=CARTESIAN_POINT('',(0.581667468810308,0.,-0.184249999999999));
#2441=CARTESIAN_POINT('',(0.575934937620616,0.,-0.2));
#2442=CARTESIAN_POINT('',(0.581667468810308,-0.071,-0.184249999999999));
#2443=CARTESIAN_POINT('',(0.581667468810308,-0.071,-0.184249999999999));
#2444=CARTESIAN_POINT('',(0.575934937620616,-0.071,-0.2));
#2445=CARTESIAN_POINT('Origin',(0.587967468810307,-0.071,-0.184249999999999));
#2446=CARTESIAN_POINT('',(0.587967468810307,0.,-0.184249999999999));
#2447=CARTESIAN_POINT('',(0.587967468810307,0.,-0.184249999999999));
#2448=CARTESIAN_POINT('',(0.587967468810307,-0.071,-0.184249999999999));
#2449=CARTESIAN_POINT('',(0.587967468810307,-0.071,-0.184249999999999));
#2450=CARTESIAN_POINT('',(0.587967468810307,-0.071,-0.184249999999999));
#2451=CARTESIAN_POINT('Origin',(0.587967468810307,-0.071,-0.184249999999999));
#2452=CARTESIAN_POINT('',(0.587967468810307,0.,-0.0157499999999996));
#2453=CARTESIAN_POINT('',(0.587967468810307,0.,-0.184249999999999));
#2454=CARTESIAN_POINT('',(0.587967468810307,-0.071,-0.0157499999999996));
#2455=CARTESIAN_POINT('',(0.587967468810307,-0.071,-0.0157499999999996));
#2456=CARTESIAN_POINT('',(0.587967468810307,-0.071,-0.184249999999999));
#2457=CARTESIAN_POINT('Origin',(0.587967468810307,-0.071,-0.0157499999999996));
#2458=CARTESIAN_POINT('',(0.581667468810308,-0.071,-0.0157499999999996));
#2459=CARTESIAN_POINT('',(0.587967468810307,-0.071,-0.0157499999999996));
#2460=CARTESIAN_POINT('',(0.581667468810308,0.,-0.0157499999999996));
#2461=CARTESIAN_POINT('',(0.587967468810307,0.,-0.0157499999999996));
#2462=CARTESIAN_POINT('',(0.581667468810308,-0.071,-0.0157499999999996));
#2463=CARTESIAN_POINT('Origin',(0.575934937620614,-0.071,0.));
#2464=CARTESIAN_POINT('',(0.575934937620614,0.,0.));
#2465=CARTESIAN_POINT('',(0.575934937620614,-0.071,0.));
#2466=CARTESIAN_POINT('Origin',(0.,-0.071,0.));
#2467=CARTESIAN_POINT('',(0.0759359376206146,-0.071,-9.47800169481907E-34));
#2468=CARTESIAN_POINT('',(0.0759359376206146,0.,-9.47800169481907E-34));
#2469=CARTESIAN_POINT('',(0.0759359376206146,-0.071,-9.47800169481907E-34));
#2470=CARTESIAN_POINT('',(0.,0.,0.));
#2471=CARTESIAN_POINT('',(0.,0.,0.));
#2472=CARTESIAN_POINT('',(0.,-0.071,0.));
#2473=CARTESIAN_POINT('',(0.,-0.071,0.));
#2474=CARTESIAN_POINT('',(0.,-0.071,0.));
#2475=CARTESIAN_POINT('Origin',(0.,-0.071,0.));
#2476=CARTESIAN_POINT('',(-0.00573253118969264,0.,-0.01575));
#2477=CARTESIAN_POINT('',(0.,0.,0.));
#2478=CARTESIAN_POINT('',(-0.00573253118969264,-0.071,-0.01575));
#2479=CARTESIAN_POINT('',(-0.00573253118969264,-0.071,-0.01575));
#2480=CARTESIAN_POINT('',(0.,-0.071,0.));
#2481=CARTESIAN_POINT('Origin',(-0.0120325311896926,-0.071,-0.01575));
#2482=CARTESIAN_POINT('',(-0.0120325311896926,0.,-0.01575));
#2483=CARTESIAN_POINT('',(-0.0120325311896926,0.,-0.01575));
#2484=CARTESIAN_POINT('',(-0.0120325311896926,-0.071,-0.01575));
#2485=CARTESIAN_POINT('',(-0.0120325311896926,-0.071,-0.01575));
#2486=CARTESIAN_POINT('',(-0.0120325311896926,-0.071,-0.01575));
#2487=CARTESIAN_POINT('Origin',(-0.0120325311896926,-0.071,-0.18425));
#2488=CARTESIAN_POINT('',(-0.0120325311896926,0.,-0.18425));
#2489=CARTESIAN_POINT('',(-0.0120325311896926,0.,-0.18425));
#2490=CARTESIAN_POINT('',(-0.0120325311896926,-0.071,-0.18425));
#2491=CARTESIAN_POINT('',(-0.0120325311896926,-0.071,-0.18425));
#2492=CARTESIAN_POINT('',(-0.0120325311896926,-0.071,-0.18425));
#2493=CARTESIAN_POINT('Origin',(-0.0120325311896926,-0.071,-0.18425));
#2494=CARTESIAN_POINT('',(-0.0120325311896926,0.,-0.18425));
#2495=CARTESIAN_POINT('',(-0.0120325311896926,-0.071,-0.18425));
#2496=CARTESIAN_POINT('Origin',(-0.00573253118969239,-0.071,-0.18425));
#2497=CARTESIAN_POINT('',(0.481668468810307,-0.071,-0.18425));
#2498=CARTESIAN_POINT('',(0.481668468810307,-0.071,-0.18425));
#2499=CARTESIAN_POINT('',(0.494266468810307,-0.071,-0.18425));
#2500=CARTESIAN_POINT('',(0.481668468810307,-0.071,-0.18425));
#2501=CARTESIAN_POINT('',(0.494266468810307,-0.071,-0.18425));
#2502=CARTESIAN_POINT('',(0.494266468810307,-0.071,-0.01575));
#2503=CARTESIAN_POINT('',(0.494266468810307,-0.071,-0.01575));
#2504=CARTESIAN_POINT('',(0.481668468810307,-0.071,-0.01575));
#2505=CARTESIAN_POINT('',(0.481668468810307,-0.071,-0.01575));
#2506=CARTESIAN_POINT('',(0.481668468810307,-0.071,-0.01575));
#2507=CARTESIAN_POINT('',(0.394266468810307,-0.071,-0.01575));
#2508=CARTESIAN_POINT('',(0.394266468810307,-0.071,-0.01575));
#2509=CARTESIAN_POINT('',(0.381668468810307,-0.071,-0.01575));
#2510=CARTESIAN_POINT('',(0.381668468810307,-0.071,-0.01575));
#2511=CARTESIAN_POINT('',(0.381668468810307,-0.071,-0.01575));
#2512=CARTESIAN_POINT('',(0.294266468810307,-0.071,-0.01575));
#2513=CARTESIAN_POINT('',(0.294266468810307,-0.071,-0.01575));
#2514=CARTESIAN_POINT('',(0.281668468810307,-0.071,-0.01575));
#2515=CARTESIAN_POINT('',(0.281668468810307,-0.071,-0.01575));
#2516=CARTESIAN_POINT('',(0.281668468810307,-0.071,-0.01575));
#2517=CARTESIAN_POINT('',(0.194266468810307,-0.071,-0.01575));
#2518=CARTESIAN_POINT('',(0.194266468810307,-0.071,-0.01575));
#2519=CARTESIAN_POINT('',(0.181668468810307,-0.071,-0.01575));
#2520=CARTESIAN_POINT('',(0.181668468810307,-0.071,-0.01575));
#2521=CARTESIAN_POINT('',(0.181668468810307,-0.071,-0.01575));
#2522=CARTESIAN_POINT('',(0.0942664688103074,-0.071,-0.01575));
#2523=CARTESIAN_POINT('',(0.0942664688103074,-0.071,-0.01575));
#2524=CARTESIAN_POINT('',(0.0816684688103074,-0.071,-0.01575));
#2525=CARTESIAN_POINT('',(0.0816684688103074,-0.071,-0.01575));
#2526=CARTESIAN_POINT('',(0.0816684688103074,-0.071,-0.01575));
#2527=CARTESIAN_POINT('',(0.0816684688103074,-0.071,-0.18425));
#2528=CARTESIAN_POINT('',(0.0816684688103074,-0.071,-0.18425));
#2529=CARTESIAN_POINT('',(0.0942664688103074,-0.071,-0.18425));
#2530=CARTESIAN_POINT('',(0.0816684688103074,-0.071,-0.18425));
#2531=CARTESIAN_POINT('',(0.0942664688103074,-0.071,-0.18425));
#2532=CARTESIAN_POINT('',(0.181668468810307,-0.071,-0.18425));
#2533=CARTESIAN_POINT('',(0.181668468810307,-0.071,-0.18425));
#2534=CARTESIAN_POINT('',(0.194266468810307,-0.071,-0.18425));
#2535=CARTESIAN_POINT('',(0.181668468810307,-0.071,-0.18425));
#2536=CARTESIAN_POINT('',(0.194266468810307,-0.071,-0.18425));
#2537=CARTESIAN_POINT('',(0.281668468810307,-0.071,-0.18425));
#2538=CARTESIAN_POINT('',(0.281668468810307,-0.071,-0.18425));
#2539=CARTESIAN_POINT('',(0.294266468810307,-0.071,-0.18425));
#2540=CARTESIAN_POINT('',(0.281668468810307,-0.071,-0.18425));
#2541=CARTESIAN_POINT('',(0.294266468810307,-0.071,-0.18425));
#2542=CARTESIAN_POINT('',(0.381668468810307,-0.071,-0.18425));
#2543=CARTESIAN_POINT('',(0.381668468810307,-0.071,-0.18425));
#2544=CARTESIAN_POINT('',(0.394266468810307,-0.071,-0.18425));
#2545=CARTESIAN_POINT('',(0.381668468810307,-0.071,-0.18425));
#2546=CARTESIAN_POINT('',(0.394266468810307,-0.071,-0.18425));
#2547=CARTESIAN_POINT('Origin',(-0.00573253118969239,0.,-0.18425));
#2548=CARTESIAN_POINT('',(0.481668468810307,0.,-0.18425));
#2549=CARTESIAN_POINT('',(0.481668468810307,0.,-0.18425));
#2550=CARTESIAN_POINT('',(0.394266468810307,0.,-0.18425));
#2551=CARTESIAN_POINT('',(0.394266468810307,0.,-0.18425));
#2552=CARTESIAN_POINT('',(0.381668468810307,0.,-0.18425));
#2553=CARTESIAN_POINT('',(0.381668468810307,0.,-0.18425));
#2554=CARTESIAN_POINT('',(0.381668468810307,0.,-0.18425));
#2555=CARTESIAN_POINT('',(0.294266468810307,0.,-0.18425));
#2556=CARTESIAN_POINT('',(0.294266468810307,0.,-0.18425));
#2557=CARTESIAN_POINT('',(0.281668468810307,0.,-0.18425));
#2558=CARTESIAN_POINT('',(0.281668468810307,0.,-0.18425));
#2559=CARTESIAN_POINT('',(0.281668468810307,0.,-0.18425));
#2560=CARTESIAN_POINT('',(0.194266468810307,0.,-0.18425));
#2561=CARTESIAN_POINT('',(0.194266468810307,0.,-0.18425));
#2562=CARTESIAN_POINT('',(0.181668468810307,0.,-0.18425));
#2563=CARTESIAN_POINT('',(0.181668468810307,0.,-0.18425));
#2564=CARTESIAN_POINT('',(0.181668468810307,0.,-0.18425));
#2565=CARTESIAN_POINT('',(0.0942664688103074,0.,-0.18425));
#2566=CARTESIAN_POINT('',(0.0942664688103074,0.,-0.18425));
#2567=CARTESIAN_POINT('',(0.0816684688103074,0.,-0.18425));
#2568=CARTESIAN_POINT('',(0.0816684688103074,0.,-0.18425));
#2569=CARTESIAN_POINT('',(0.0816684688103074,0.,-0.18425));
#2570=CARTESIAN_POINT('',(0.0816684688103074,0.,-0.01575));
#2571=CARTESIAN_POINT('',(0.0816684688103074,0.,-0.01575));
#2572=CARTESIAN_POINT('',(0.0942664688103074,0.,-0.01575));
#2573=CARTESIAN_POINT('',(0.0816684688103074,0.,-0.01575));
#2574=CARTESIAN_POINT('',(0.0942664688103074,0.,-0.01575));
#2575=CARTESIAN_POINT('',(0.181668468810307,0.,-0.01575));
#2576=CARTESIAN_POINT('',(0.181668468810307,0.,-0.01575));
#2577=CARTESIAN_POINT('',(0.194266468810307,0.,-0.01575));
#2578=CARTESIAN_POINT('',(0.181668468810307,0.,-0.01575));
#2579=CARTESIAN_POINT('',(0.194266468810307,0.,-0.01575));
#2580=CARTESIAN_POINT('',(0.281668468810307,0.,-0.01575));
#2581=CARTESIAN_POINT('',(0.281668468810307,0.,-0.01575));
#2582=CARTESIAN_POINT('',(0.294266468810307,0.,-0.01575));
#2583=CARTESIAN_POINT('',(0.281668468810307,0.,-0.01575));
#2584=CARTESIAN_POINT('',(0.294266468810307,0.,-0.01575));
#2585=CARTESIAN_POINT('',(0.381668468810307,0.,-0.01575));
#2586=CARTESIAN_POINT('',(0.381668468810307,0.,-0.01575));
#2587=CARTESIAN_POINT('',(0.394266468810307,0.,-0.01575));
#2588=CARTESIAN_POINT('',(0.381668468810307,0.,-0.01575));
#2589=CARTESIAN_POINT('',(0.394266468810307,0.,-0.01575));
#2590=CARTESIAN_POINT('',(0.481668468810307,0.,-0.01575));
#2591=CARTESIAN_POINT('',(0.481668468810307,0.,-0.01575));
#2592=CARTESIAN_POINT('',(0.494266468810307,0.,-0.01575));
#2593=CARTESIAN_POINT('',(0.481668468810307,0.,-0.01575));
#2594=CARTESIAN_POINT('',(0.494266468810307,0.,-0.01575));
#2595=CARTESIAN_POINT('',(0.494266468810307,0.,-0.18425));
#2596=CARTESIAN_POINT('',(0.494266468810307,0.,-0.18425));
#2597=CARTESIAN_POINT('',(0.481668468810307,0.,-0.18425));
#2598=CARTESIAN_POINT('Origin',(0.0942664688103074,-0.071,-0.01575));
#2599=CARTESIAN_POINT('',(0.0942664688103074,-0.071,-0.01575));
#2600=CARTESIAN_POINT('Origin',(0.0816684688103074,-0.071,-0.01575));
#2601=CARTESIAN_POINT('',(0.0816684688103074,-0.071,-0.01575));
#2602=CARTESIAN_POINT('Origin',(0.0816684688103074,-0.071,-0.01575));
#2603=CARTESIAN_POINT('Origin',(0.0816684688103074,-0.071,-0.18425));
#2604=CARTESIAN_POINT('',(0.0816684688103074,-0.071,-0.18425));
#2605=CARTESIAN_POINT('Origin',(0.0942664688103074,-0.071,-0.18425));
#2606=CARTESIAN_POINT('',(0.0942664688103074,-0.071,-0.18425));
#2607=CARTESIAN_POINT('Origin',(0.0816684688103074,-0.071,-0.18425));
#2608=CARTESIAN_POINT('Origin',(0.194266468810307,-0.071,-0.01575));
#2609=CARTESIAN_POINT('',(0.194266468810307,-0.071,-0.01575));
#2610=CARTESIAN_POINT('Origin',(0.181668468810307,-0.071,-0.01575));
#2611=CARTESIAN_POINT('',(0.181668468810307,-0.071,-0.01575));
#2612=CARTESIAN_POINT('Origin',(0.181668468810307,-0.071,-0.01575));
#2613=CARTESIAN_POINT('Origin',(0.181668468810307,-0.071,-0.18425));
#2614=CARTESIAN_POINT('',(0.181668468810307,-0.071,-0.18425));
#2615=CARTESIAN_POINT('Origin',(0.194266468810307,-0.071,-0.18425));
#2616=CARTESIAN_POINT('',(0.194266468810307,-0.071,-0.18425));
#2617=CARTESIAN_POINT('Origin',(0.181668468810307,-0.071,-0.18425));
#2618=CARTESIAN_POINT('Origin',(0.294266468810307,-0.071,-0.01575));
#2619=CARTESIAN_POINT('',(0.294266468810307,-0.071,-0.01575));
#2620=CARTESIAN_POINT('Origin',(0.281668468810307,-0.071,-0.01575));
#2621=CARTESIAN_POINT('',(0.281668468810307,-0.071,-0.01575));
#2622=CARTESIAN_POINT('Origin',(0.281668468810307,-0.071,-0.01575));
#2623=CARTESIAN_POINT('Origin',(0.281668468810307,-0.071,-0.18425));
#2624=CARTESIAN_POINT('',(0.281668468810307,-0.071,-0.18425));
#2625=CARTESIAN_POINT('Origin',(0.294266468810307,-0.071,-0.18425));
#2626=CARTESIAN_POINT('',(0.294266468810307,-0.071,-0.18425));
#2627=CARTESIAN_POINT('Origin',(0.281668468810307,-0.071,-0.18425));
#2628=CARTESIAN_POINT('Origin',(0.394266468810307,-0.071,-0.01575));
#2629=CARTESIAN_POINT('',(0.394266468810307,-0.071,-0.01575));
#2630=CARTESIAN_POINT('Origin',(0.381668468810307,-0.071,-0.01575));
#2631=CARTESIAN_POINT('',(0.381668468810307,-0.071,-0.01575));
#2632=CARTESIAN_POINT('Origin',(0.381668468810307,-0.071,-0.01575));
#2633=CARTESIAN_POINT('Origin',(0.381668468810307,-0.071,-0.18425));
#2634=CARTESIAN_POINT('',(0.381668468810307,-0.071,-0.18425));
#2635=CARTESIAN_POINT('Origin',(0.394266468810307,-0.071,-0.18425));
#2636=CARTESIAN_POINT('',(0.394266468810307,-0.071,-0.18425));
#2637=CARTESIAN_POINT('Origin',(0.381668468810307,-0.071,-0.18425));
#2638=CARTESIAN_POINT('Origin',(0.494266468810307,-0.071,-0.01575));
#2639=CARTESIAN_POINT('',(0.494266468810307,-0.071,-0.01575));
#2640=CARTESIAN_POINT('Origin',(0.481668468810307,-0.071,-0.01575));
#2641=CARTESIAN_POINT('',(0.481668468810307,-0.071,-0.01575));
#2642=CARTESIAN_POINT('Origin',(0.481668468810307,-0.071,-0.01575));
#2643=CARTESIAN_POINT('Origin',(0.481668468810307,-0.071,-0.18425));
#2644=CARTESIAN_POINT('',(0.481668468810307,-0.071,-0.18425));
#2645=CARTESIAN_POINT('Origin',(0.494266468810307,-0.071,-0.18425));
#2646=CARTESIAN_POINT('',(0.494266468810307,-0.071,-0.18425));
#2647=CARTESIAN_POINT('Origin',(0.481668468810307,-0.071,-0.18425));
#2648=CARTESIAN_POINT('',(0.,0.,0.));
#2649=CARTESIAN_POINT('Origin',(0.,0.,0.));
#2650=CARTESIAN_POINT('',(0.00850000000000019,0.00850000000000019,0.));
#2651=CARTESIAN_POINT('',(0.00850000000000019,-1.04094977927527E-18,-0.0085000000000002));
#2652=CARTESIAN_POINT('Origin',(0.00850000000000019,0.,0.));
#2653=CARTESIAN_POINT('Origin',(0.00850000000000019,0.,0.));
#2654=CARTESIAN_POINT('',(0.0660000000000011,-1.04094977927527E-18,-0.0085000000000002));
#2655=CARTESIAN_POINT('',(0.,-1.04094977927527E-18,-0.0085000000000002));
#2656=CARTESIAN_POINT('Origin',(0.0660000000000011,0.,0.));
#2657=CARTESIAN_POINT('Origin',(0.0660000000000011,0.,0.));
#2658=CARTESIAN_POINT('',(0.0690000000000011,-1.40834381901948E-18,-0.0115000000000002));
#2659=CARTESIAN_POINT('Origin',(0.0660000000000011,-1.40834381901948E-18,
-0.0115000000000002));
#2660=CARTESIAN_POINT('Origin',(0.0690000000000011,0.,0.));
#2661=CARTESIAN_POINT('Origin',(0.,0.,0.));
#2662=CARTESIAN_POINT('',(0.0690000000000011,-4.40872847693047E-18,-0.036));
#2663=CARTESIAN_POINT('Origin',(0.0690000000000011,0.,0.));
#2664=CARTESIAN_POINT('',(0.0850000000000011,-4.40872847693047E-18,-0.036));
#2665=CARTESIAN_POINT('',(0.,-4.40872847693047E-18,-0.036));
#2666=CARTESIAN_POINT('Origin',(0.0850000000000011,0.,0.));
#2667=CARTESIAN_POINT('Origin',(0.,0.,0.));
#2668=CARTESIAN_POINT('',(0.0850000000000011,-3.73517273739943E-18,-0.0305));
#2669=CARTESIAN_POINT('Origin',(0.0850000000000011,0.,0.));
#2670=CARTESIAN_POINT('',(0.113000000000001,-3.73517273739943E-18,-0.0305));
#2671=CARTESIAN_POINT('',(0.,-3.73517273739943E-18,-0.0305));
#2672=CARTESIAN_POINT('Origin',(0.113000000000001,0.,0.));
#2673=CARTESIAN_POINT('Origin',(0.124196152422697,0.,0.));
#2674=CARTESIAN_POINT('',(0.113000000000001,-3.91886975727153E-18,-0.032));
#2675=CARTESIAN_POINT('Origin',(0.113000000000001,0.,0.));
#2676=CARTESIAN_POINT('',(0.124196152422697,-3.55147571752732E-18,-0.029));
#2677=CARTESIAN_POINT('',(0.124196152422697,-3.55147571752732E-18,-0.029));
#2678=CARTESIAN_POINT('Origin',(0.124196152422697,0.,0.));
#2679=CARTESIAN_POINT('Origin',(0.,0.,0.));
#2680=CARTESIAN_POINT('',(0.164000000000001,-3.55147571752732E-18,-0.029));
#2681=CARTESIAN_POINT('',(0.,-3.55147571752732E-18,-0.029));
#2682=CARTESIAN_POINT('Origin',(0.164000000000001,0.,0.));
#2683=CARTESIAN_POINT('Origin',(0.167000000000001,0.,0.));
#2684=CARTESIAN_POINT('',(0.167000000000001,-3.33936066978233E-18,-0.0272679491924311));
#2685=CARTESIAN_POINT('',(0.167000000000001,-3.33936066978234E-18,-0.0272679491924311));
#2686=CARTESIAN_POINT('Origin',(0.167000000000001,0.,0.));
#2687=CARTESIAN_POINT('Origin',(0.,0.,0.));
#2688=CARTESIAN_POINT('',(0.167000000000001,-2.55951181021797E-18,-0.0209));
#2689=CARTESIAN_POINT('Origin',(0.167000000000001,0.,0.));
#2690=CARTESIAN_POINT('',(0.185100000000001,-2.55951181021797E-18,-0.0209));
#2691=CARTESIAN_POINT('',(0.,-2.55951181021797E-18,-0.0209));
#2692=CARTESIAN_POINT('',(0.185100000000001,0.0209,2.55951181021797E-18));
#2693=CARTESIAN_POINT('Origin',(0.185100000000001,0.,0.));
#2694=CARTESIAN_POINT('Origin',(0.185100000000001,0.,0.));
#2695=CARTESIAN_POINT('Origin',(0.185100000000001,0.,0.));
#2696=CARTESIAN_POINT('',(0.206000000000001,1.27975590510898E-18,3.13449794576328E-34));
#2697=CARTESIAN_POINT('Origin',(0.185100000000001,0.,0.));
#2698=CARTESIAN_POINT('Origin',(0.00850000000000019,-1.0671281225251E-18,
0.));
#2699=CARTESIAN_POINT('',(0.,-5.46653232887463E-19,6.73452525377561E-50));
#2700=CARTESIAN_POINT('Origin',(0.00850000000000019,-1.0671281225251E-18,
0.));
#2701=CARTESIAN_POINT('Origin',(0.167000000000001,0.0272679491924311,0.));
#2702=CARTESIAN_POINT('Origin',(0.113000000000001,0.0305,0.));
#2703=CARTESIAN_POINT('Origin',(0.0850000000000011,0.036,0.));
#2704=CARTESIAN_POINT('Origin',(0.0690000000000011,0.036,0.));
#2705=CARTESIAN_POINT('',(0.,0.,0.));
#2706=CARTESIAN_POINT('',(0.237967468810307,-0.156000000000001,-0.05));
#2707=CARTESIAN_POINT('',(0.337967468810307,-0.156000000000001,-0.05));
#2708=CARTESIAN_POINT('',(0.237967468810307,-0.156000000000001,-0.15));
#2709=CARTESIAN_POINT('',(0.437967468810307,-0.156000000000001,-0.15));
#2710=CARTESIAN_POINT('',(0.137967468810307,-0.156000000000001,-0.15));
#2711=CARTESIAN_POINT('',(0.037967468810307,-0.156000000000001,-0.15));
#2712=CARTESIAN_POINT('',(0.337967468810307,-0.156000000000001,-0.15));
#2713=CARTESIAN_POINT('',(0.437967468810307,-0.156000000000001,-0.0499999999999999));
#2714=CARTESIAN_POINT('',(0.037967468810307,-0.156000000000001,-0.05));
#2715=CARTESIAN_POINT('',(0.537967468810307,-0.156000000000001,-0.0499999999999999));
#2716=CARTESIAN_POINT('',(0.137967468810307,-0.156000000000001,-0.05));
#2717=CARTESIAN_POINT('',(0.537967468810307,-0.156000000000001,-0.15));
#2718=CARTESIAN_POINT('',(-0.15,0.037967468810307,0.0870000000000001));
#2719=UNCERTAINTY_MEASURE_WITH_UNIT(LENGTH_MEASURE(0.000393700787401575),
#2730,'DISTANCE_ACCURACY_VALUE',
'Maximum model space distance between geometric entities at asserted c
onnectivities');
#2720=UNCERTAINTY_MEASURE_WITH_UNIT(LENGTH_MEASURE(0.000393700787401575),
#2730,'DISTANCE_ACCURACY_VALUE',
'Maximum model space distance between geometric entities at asserted c
onnectivities');
#2721=UNCERTAINTY_MEASURE_WITH_UNIT(LENGTH_MEASURE(0.000393700787401575),
#2730,'DISTANCE_ACCURACY_VALUE',
'Maximum model space distance between geometric entities at asserted c
onnectivities');
#2722=UNCERTAINTY_MEASURE_WITH_UNIT(LENGTH_MEASURE(0.000393700787401575),
#2730,'DISTANCE_ACCURACY_VALUE',
'Maximum model space distance between geometric entities at asserted c
onnectivities');
#2723=UNCERTAINTY_MEASURE_WITH_UNIT(LENGTH_MEASURE(0.000393700787401575),
#2730,'DISTANCE_ACCURACY_VALUE',
'Maximum model space distance between geometric entities at asserted c
onnectivities');
#2724=(
GEOMETRIC_REPRESENTATION_CONTEXT(3)
GLOBAL_UNCERTAINTY_ASSIGNED_CONTEXT((#2719))
GLOBAL_UNIT_ASSIGNED_CONTEXT((#2730,#2734,#2735))
REPRESENTATION_CONTEXT('','3D')
);
#2725=(
GEOMETRIC_REPRESENTATION_CONTEXT(3)
GLOBAL_UNCERTAINTY_ASSIGNED_CONTEXT((#2720))
GLOBAL_UNIT_ASSIGNED_CONTEXT((#2730,#2734,#2735))
REPRESENTATION_CONTEXT('','3D')
);
#2726=(
GEOMETRIC_REPRESENTATION_CONTEXT(3)
GLOBAL_UNCERTAINTY_ASSIGNED_CONTEXT((#2721))
GLOBAL_UNIT_ASSIGNED_CONTEXT((#2730,#2734,#2735))
REPRESENTATION_CONTEXT('','3D')
);
#2727=(
GEOMETRIC_REPRESENTATION_CONTEXT(3)
GLOBAL_UNCERTAINTY_ASSIGNED_CONTEXT((#2722))
GLOBAL_UNIT_ASSIGNED_CONTEXT((#2730,#2734,#2735))
REPRESENTATION_CONTEXT('','3D')
);
#2728=(
GEOMETRIC_REPRESENTATION_CONTEXT(3)
GLOBAL_UNCERTAINTY_ASSIGNED_CONTEXT((#2723))
GLOBAL_UNIT_ASSIGNED_CONTEXT((#2730,#2734,#2735))
REPRESENTATION_CONTEXT('','3D')
);
#2729=DIMENSIONAL_EXPONENTS(1.,0.,0.,0.,0.,0.,0.);
#2730=(
CONVERSION_BASED_UNIT('inch',#2733)
LENGTH_UNIT()
NAMED_UNIT(#2729)
);
#2731=(
LENGTH_UNIT()
NAMED_UNIT(*)
SI_UNIT(.MILLI.,.METRE.)
);
#2732=(
LENGTH_UNIT()
NAMED_UNIT(*)
SI_UNIT($,.METRE.)
);
#2733=LENGTH_MEASURE_WITH_UNIT(LENGTH_MEASURE(25.4),#2731);
#2734=(
NAMED_UNIT(*)
PLANE_ANGLE_UNIT()
SI_UNIT($,.RADIAN.)
);
#2735=(
NAMED_UNIT(*)
SI_UNIT($,.STERADIAN.)
SOLID_ANGLE_UNIT()
);
#2736=SHAPE_DEFINITION_REPRESENTATION(#2740,#2758);
#2737=SHAPE_DEFINITION_REPRESENTATION(#2741,#2759);
#2738=SHAPE_DEFINITION_REPRESENTATION(#2742,#2760);
#2739=SHAPE_DEFINITION_REPRESENTATION(#2743,#2761);
#2740=PRODUCT_DEFINITION_SHAPE('',$,#2763);
#2741=PRODUCT_DEFINITION_SHAPE('',$,#2764);
#2742=PRODUCT_DEFINITION_SHAPE('',$,#2765);
#2743=PRODUCT_DEFINITION_SHAPE('',$,#2766);
#2744=PRODUCT_DEFINITION_SHAPE($,$,#53);
#2745=PRODUCT_DEFINITION_SHAPE($,$,#54);
#2746=PRODUCT_DEFINITION_SHAPE($,$,#55);
#2747=PRODUCT_DEFINITION_SHAPE($,$,#56);
#2748=PRODUCT_DEFINITION_SHAPE($,$,#57);
#2749=PRODUCT_DEFINITION_SHAPE($,$,#58);
#2750=PRODUCT_DEFINITION_SHAPE($,$,#59);
#2751=PRODUCT_DEFINITION_SHAPE($,$,#60);
#2752=PRODUCT_DEFINITION_SHAPE($,$,#61);
#2753=PRODUCT_DEFINITION_SHAPE($,$,#62);
#2754=PRODUCT_DEFINITION_SHAPE($,$,#63);
#2755=PRODUCT_DEFINITION_SHAPE($,$,#64);
#2756=PRODUCT_DEFINITION_SHAPE($,$,#65);
#2757=PRODUCT_DEFINITION_SHAPE($,$,#66);
#2758=SHAPE_REPRESENTATION('',(#1664,#1803),#2724);
#2759=SHAPE_REPRESENTATION('',(#1665,#1790,#1791,#1792,#1793,#1794,#1795,
#1796,#1797,#1798,#1799,#1800,#1801,#1802),#2725);
#2760=SHAPE_REPRESENTATION('',(#1666),#2726);
#2761=SHAPE_REPRESENTATION('',(#1757),#2727);
#2762=PRODUCT_DEFINITION_CONTEXT('part definition',#2776,'design');
#2763=PRODUCT_DEFINITION('823-22-012-10-000101','(Unsaved)',#2767,#2762);
#2764=PRODUCT_DEFINITION('2026-09-30-20-12-40-556',
'Mill-Max_823-22-012-10-000101',#2768,#2762);
#2765=PRODUCT_DEFINITION('P4XX-28-011-00-090000_P412-28-011-00-090000',
'P4XX-28-011-00-090000_P412-28-011-00-090000',#2769,#2762);
#2766=PRODUCT_DEFINITION('0906_default','0906_default',#2770,#2762);
#2767=PRODUCT_DEFINITION_FORMATION('',$,#2778);
#2768=PRODUCT_DEFINITION_FORMATION('',$,#2779);
#2769=PRODUCT_DEFINITION_FORMATION('',$,#2780);
#2770=PRODUCT_DEFINITION_FORMATION('',$,#2781);
#2771=PRODUCT_RELATED_PRODUCT_CATEGORY('(Unsaved)','(Unsaved)',(#2778));
#2772=PRODUCT_RELATED_PRODUCT_CATEGORY('Mill-Max_823-22-012-10-000101',
'Mill-Max_823-22-012-10-000101',(#2779));
#2773=PRODUCT_RELATED_PRODUCT_CATEGORY(
'P4XX-28-011-00-090000_P412-28-011-00-090000',
'P4XX-28-011-00-090000_P412-28-011-00-090000',(#2780));
#2774=PRODUCT_RELATED_PRODUCT_CATEGORY('0906_default','0906_default',(#2781));
#2775=APPLICATION_PROTOCOL_DEFINITION('international standard',
'automotive_design',2009,#2776);
#2776=APPLICATION_CONTEXT(
'Core Data for Automotive Mechanical Design Process');
#2777=PRODUCT_CONTEXT('part definition',#2776,'mechanical');
#2778=PRODUCT('823-22-012-10-000101','(Unsaved)','STEP AP214',(#2777));
#2779=PRODUCT('2026-09-30-20-12-40-556','Mill-Max_823-22-012-10-000101',
$,(#2777));
#2780=PRODUCT('P4XX-28-011-00-090000_P412-28-011-00-090000',
'P4XX-28-011-00-090000_P412-28-011-00-090000',$,(#2777));
#2781=PRODUCT('0906_default','0906_default',$,(#2777));
#2782=PRESENTATION_STYLE_ASSIGNMENT((#2785));
#2783=PRESENTATION_STYLE_ASSIGNMENT((#2786));
#2784=PRESENTATION_STYLE_ASSIGNMENT((#2787));
#2785=SURFACE_STYLE_USAGE(.BOTH.,#2788);
#2786=SURFACE_STYLE_USAGE(.BOTH.,#2789);
#2787=SURFACE_STYLE_USAGE(.BOTH.,#2790);
#2788=SURFACE_SIDE_STYLE('',(#2791));
#2789=SURFACE_SIDE_STYLE('',(#2792));
#2790=SURFACE_SIDE_STYLE('',(#2793));
#2791=SURFACE_STYLE_FILL_AREA(#2794);
#2792=SURFACE_STYLE_FILL_AREA(#2795);
#2793=SURFACE_STYLE_FILL_AREA(#2796);
#2794=FILL_AREA_STYLE('Steel - Satin',(#2797));
#2795=FILL_AREA_STYLE('Opaque(126,126,126)',(#2798));
#2796=FILL_AREA_STYLE('Opaque(255,206,127)',(#2799));
#2797=FILL_AREA_STYLE_COLOUR('Steel - Satin',#2800);
#2798=FILL_AREA_STYLE_COLOUR('Opaque(126,126,126)',#2801);
#2799=FILL_AREA_STYLE_COLOUR('Opaque(255,206,127)',#2802);
#2800=COLOUR_RGB('Steel - Satin',0.627450980392157,0.627450980392157,0.627450980392157);
#2801=COLOUR_RGB('Opaque(126,126,126)',0.494117647058824,0.494117647058824,
0.494117647058824);
#2802=COLOUR_RGB('Opaque(255,206,127)',1.,0.807843137254902,0.498039215686275);
ENDSEC;
END-ISO-10303-21;
